,SELIC
2000-01-03,0.0
2000-01-04,0.0006831478819837
2000-01-05,0.0006820870118702
2000-01-06,0.0006820181479405
2000-01-07,0.0006821470037678
2000-01-10,0.0006820775183373
2000-01-11,0.0006822054841653
2000-01-12,0.0006827278542498
2000-01-13,0.0006820646982574
2000-01-14,0.0006817970252586
2000-01-17,0.0006823179337474
2000-01-18,0.0006820496468329
2000-01-19,0.0006813879530136
2000-01-20,0.000679940553881
2000-01-21,0.0006794785488601
2000-01-24,0.0006823562779723
2000-01-25,0.000682676121803
2000-01-26,0.0006827988436552
2000-01-27,0.0006811568493505
2000-01-28,0.000680105541724
2000-01-31,0.0006802305619466
2000-02-01,0.0006797681628674
2000-02-02,0.0006808702628398
2000-02-03,0.0006806023447962
2000-02-04,0.0006805298762571
2000-02-07,0.0006812375816067
2000-02-08,0.0006801889556729
2000-02-09,0.0006810903524019
2000-02-10,0.0006800427221802
2000-02-11,0.00068094246328
2000-02-14,0.000680479096168
2000-02-15,0.0006804049400275
2000-02-16,0.0006809130953353
2000-02-17,0.0006816139251804
2000-02-18,0.0006803740680727
2000-02-21,0.0006818490956925
2000-02-22,0.0006833207957812
2000-02-23,0.0006824671914589
2000-02-24,0.0006823884795652
2000-02-25,0.0006823096112709
2000-02-28,0.0006818443822955
2000-02-29,0.0006813797873153
2000-03-01,0.0006826513793896
2000-03-02,0.0006821856843912
2000-03-03,0.0006824909301306
2000-03-08,0.0006820254539443
2000-03-09,0.0006823298680285
2000-03-10,0.0006824411598693
2000-03-13,0.0006825519067858
2000-03-14,0.0006824701889498
2000-03-15,0.0006831554802035
2000-03-16,0.0006832640741858
2000-03-17,0.0006831805992797
2000-03-20,0.0006825227848921
2000-03-21,0.0006824397987874
2000-03-22,0.0006829300739237
2000-03-23,0.0006767338224231
2000-03-24,0.0006808572043739
2000-03-27,0.0006834459025768
2000-03-28,0.0006833603564071
2000-03-29,0.0006825127211571
2000-03-30,0.0006706258273367
2000-03-31,0.000669795931955
2000-04-03,0.0006695377072154
2000-04-04,0.0006687097776767
2000-04-05,0.000669212140818
2000-04-06,0.0006702823590523
2000-04-07,0.0006709709417822
2000-04-10,0.0006703315754024
2000-04-11,0.0006702612106395
2000-04-12,0.0006703798989717
2000-04-13,0.0006708762195557
2000-04-14,0.0006717491592271
2000-04-17,0.0006729977043677
2000-04-18,0.0006732999035905
2000-04-19,0.000673035454014
2000-04-20,0.0006714520740012
2000-04-24,0.00067288477738
2000-04-25,0.0006728087043945
2000-04-26,0.0006727324806037
2000-04-27,0.0006728440516639
2000-04-28,0.0006727672747366
2000-05-02,0.0006728780410896
2000-05-03,0.0006733634127333
2000-05-04,0.000673472620142
2000-05-05,0.0006741432442942
2000-05-08,0.0006742506449088
2000-05-09,0.0006730480903898
2000-05-10,0.0006718476577023
2000-05-11,0.0006717702022838
2000-05-12,0.000671879285004
2000-05-15,0.0006710550470354
2000-05-16,0.0006711643377574
2000-05-17,0.000671086797308
2000-05-18,0.0006708229263929
2000-05-19,0.0006707453441343
2000-05-22,0.0006708535514425
2000-05-23,0.000670775429403
2000-05-24,0.0006706971629619
2000-05-25,0.0006711754365749
2000-05-26,0.0006710961360514
2000-05-29,0.0006715726307466
2000-05-30,0.000671121923631
2000-05-31,0.0006704867571001
2000-06-01,0.0006700375058257
2000-06-02,0.0006697736723131
2000-06-05,0.000669510068231
2000-06-06,0.0006686929866785
2000-06-07,0.0006678772441255
2000-06-08,0.0006663255473084
2000-06-09,0.0006658818532183
2000-06-12,0.0006656228267396
2000-06-13,0.0006655479770321
2000-06-14,0.0006649214852181
2000-06-15,0.000664847078742
2000-06-16,0.0006651397032042
2000-06-19,0.000665431450745
2000-06-20,0.0006649889461858
2000-06-21,0.0006621651407614
2000-06-23,0.0006377407388893
2000-06-26,0.0006367853319793
2000-06-27,0.000635100019567
2000-06-28,0.000633965916428
2000-06-29,0.0006297289024379
2000-06-30,0.0006309752829989
2000-07-03,0.0006303949982826
2000-07-04,0.0006289041045197
2000-07-05,0.0006294197151015
2000-07-06,0.000630116166403
2000-07-07,0.0006306291062077
2000-07-10,0.0006296861660877
2000-07-11,0.0006211125947388
2000-07-12,0.0006198190266459
2000-07-13,0.0006196165818399
2000-07-14,0.0006190515144088
2000-07-17,0.000619393599708
2000-07-18,0.0006195536568791
2000-07-19,0.0006191700478119
2000-07-20,0.0006175203905667
2000-07-21,0.0006059284429427
2000-07-24,0.0006050193839319
2000-07-25,0.0006046535568096
2000-07-26,0.0006037466949604
2000-07-27,0.0006035627882077
2000-07-28,0.0006030184453336
2000-07-31,0.0006028351991618
2000-08-01,0.0006021118930601
2000-08-02,0.0006019295215209
2000-08-03,0.0006017472611146
2000-08-04,0.0006017448443695
2000-08-07,0.0006017422143538
2000-08-08,0.0006022779210119
2000-08-09,0.0006024536260513
2000-08-10,0.0006020908942088
2000-08-11,0.0006028037542273
2000-08-14,0.0006038732775865
2000-08-15,0.0006045826938652
2000-08-16,0.0006029653158108
2000-08-17,0.0006026019677249
2000-08-18,0.000603132321979
2000-08-21,0.0006034829536598
2000-08-22,0.0006054386700262
2000-08-23,0.000603289039827
2000-08-24,0.0005941924196088
2000-08-25,0.0006022110282097
2000-08-28,0.0006030946516826
2000-08-29,0.0006034427547729
2000-08-30,0.0006039678035556
2000-08-31,0.0006030701851802
2000-09-01,0.0006018188104517
2000-09-04,0.0006014568424101
2000-09-05,0.0006025142420922
2000-09-06,0.0006026832165841
2000-09-08,0.0006042688913303
2000-09-11,0.0006044351090046
2000-09-12,0.0006058393786041
2000-09-13,0.0006060030553023
2000-09-14,0.0006061662125427
2000-09-15,0.0006065054687929
2000-09-18,0.0006063143536054
2000-09-19,0.000606123363039
2000-09-20,0.0006059324969689
2000-09-21,0.0006059179454254
2000-09-22,0.0006062553650429
2000-09-25,0.0006057120653901
2000-09-26,0.0006056971408774
2000-09-27,0.0006048032025569
2000-09-28,0.0006037350065299
2000-09-29,0.0006042484883255
2000-10-02,0.0006059889392107
2000-10-03,0.0006061479569114
2000-10-04,0.0006057807641388
2000-10-05,0.0006066399049271
2000-10-06,0.0006066221577056
2000-10-09,0.0006053798168013
2000-10-10,0.0006057127893501
2000-10-11,0.0006051714203954
2000-10-13,0.0006044562146374
2000-10-16,0.0006051380196281
2000-10-17,0.0006056439810881
2000-10-18,0.0006054516793265
2000-10-19,0.0006056078555891
2000-10-20,0.0006054153866719
2000-10-23,0.0006059189039391
2000-10-24,0.0006055519885419
2000-10-25,0.0006051855172486
2000-10-26,0.0006051667872659
2000-10-27,0.0006056685018362
2000-10-30,0.0006054753284847
2000-10-31,0.0006056289519065
2000-11-01,0.0006057820747058
2000-11-03,0.0006052422007547
2000-11-06,0.0006041840262878
2000-11-07,0.0006027817183187
2000-11-08,0.0006034554564504
2000-11-09,0.0006049912904051
2000-11-10,0.0006051433038372
2000-11-13,0.0006054673181332
2000-11-14,0.000605618129583
2000-11-16,0.0006057684455285
2000-11-17,0.0006059182666364
2000-11-20,0.0006062396740933
2000-11-21,0.0006058723702251
2000-11-22,0.0006060211275533
2000-11-23,0.0006034211039358
2000-11-24,0.0006034005353872
2000-11-27,0.0006032082236699
2000-11-28,0.0006028445828603
2000-11-29,0.0006031667970387
2000-11-30,0.0006021182025162
2000-12-01,0.0006014135786316
2000-12-04,0.0006017362777017
2000-12-05,0.0006015453510321
2000-12-06,0.0006013545511263
2000-12-07,0.0006011638778535
2000-12-08,0.0006008026969743
2000-12-11,0.0006007830131373
2000-12-12,0.0006002518603631
2000-12-13,0.0006002324282554
2000-12-14,0.0005997021405603
2000-12-15,0.0005993427134523
2000-12-18,0.0005994937796993
2000-12-19,0.0005986248450549
2000-12-20,0.0005980968903376
2000-12-21,0.000589762737178
2000-12-22,0.0005802558655285
2000-12-26,0.0005799193639159
2000-12-27,0.0005795832523651
2000-12-28,0.0005787395668561
2000-12-29,0.000579589383344
2001-01-02,0.0005795919043847
2001-01-03,0.0005799322809474
2001-01-04,0.0005787515083268
2001-01-05,0.0005785855802695
2001-01-08,0.0005789259480988
2001-01-09,0.0005784223505096
2001-01-10,0.0005785935878077
2001-01-11,0.0005764061564625
2001-01-12,0.0005757374152555
2001-01-15,0.0005750696376018
2001-01-16,0.0005747391225827
2001-01-17,0.0005750812037514
2001-01-18,0.0005645052659724
2001-01-19,0.0005616688379717
2001-01-22,0.0005616890802642
2001-01-23,0.0005608707396669
2001-01-24,0.0005598860185351
2001-01-25,0.0005607451277729
2001-01-26,0.0005609330470917
2001-01-29,0.0005589455887131
2001-01-30,0.000557797315918
2001-01-31,0.0005574863515276
2001-02-01,0.0005561736190315
2001-02-02,0.0005558644618823
2001-02-05,0.0005553888147129
2001-02-06,0.0005562477156493
2001-02-07,0.0005564384208147
2001-02-08,0.00055746141366
2001-02-09,0.000558316062823
2001-02-12,0.0005588363692505
2001-02-13,0.0005581916917065
2001-02-14,0.0005575479192079
2001-02-15,0.00055441367598
2001-02-16,0.0005607464534613
2001-02-19,0.0005605980996072
2001-02-20,0.0005596207512348
2001-02-21,0.0005598049134563
2001-02-22,0.0005599885915368
2001-02-23,0.0005600062506165
2001-02-28,0.0005595273763905
2001-03-01,0.0005588837801178
2001-03-02,0.0005579105720252
2001-03-05,0.0005579298128259
2001-03-06,0.0005577837743524
2001-03-07,0.0005576378066554
2001-03-08,0.0005571621303874
2001-03-09,0.0005571814692748
2001-03-12,0.0005563770727845
2001-03-13,0.0005565615328899
2001-03-14,0.0005567455131725
2001-03-15,0.00055692901416
2001-03-16,0.0005567833567132
2001-03-19,0.0005589372472629
2001-03-20,0.0005596099507152
2001-03-21,0.0005609376107438
2001-03-22,0.000561115054658
2001-03-23,0.0005794828017664
2001-03-26,0.0005798023398135
2001-03-27,0.0005796300549232
2001-03-28,0.0005794578747866
2001-03-29,0.0005792857993065
2001-03-30,0.0005792772352217
2001-04-02,0.0005794318040777
2001-04-03,0.0005795859102681
2001-04-04,0.0005799026774864
2001-04-05,0.0005795665852719
2001-04-06,0.0005792308824073
2001-04-09,0.0005795469275056
2001-04-10,0.0005790485019032
2001-04-11,0.000580339911983
2001-04-12,0.0005798407559289
2001-04-16,0.0005798296610246
2001-04-17,0.0005806302338513
2001-04-18,0.0005806178468426
2001-04-19,0.0005830379895876
2001-04-20,0.0005969617999557
2001-04-23,0.0005969296272616
2001-04-24,0.0005970591920725
2001-04-25,0.0005970265167143
2001-04-26,0.0005969936872607
2001-04-27,0.0005971223068088
2001-04-30,0.000597573496291
2001-05-02,0.0005970552055738
2001-05-03,0.0005966989433638
2001-05-04,0.0005961818886777
2001-05-07,0.0005971156382265
2001-05-08,0.0005969203290905
2001-05-09,0.0005973688733482
2001-05-10,0.0005976555689726
2001-05-11,0.0005977808010615
2001-05-14,0.0005977449545491
2001-05-15,0.0005972273239849
2001-05-16,0.0005976731021752
2001-05-17,0.0005974764557235
2001-05-18,0.0005976004634649
2001-05-21,0.0005977240360017
2001-05-22,0.0005973669754022
2001-05-23,0.0005976502236069
2001-05-24,0.0006099233814729
2001-05-25,0.000613705819692
2001-05-28,0.0006147665324294
2001-05-29,0.0006151867343078
2001-05-30,0.0006152869624711
2001-05-31,0.0006155461585504
2001-06-01,0.0006150082072773
2001-06-04,0.000615426151568
2001-06-05,0.0006150476351689
2001-06-06,0.0006146695840947
2001-06-07,0.0006141331014724
2001-06-08,0.0006132797780122
2001-06-11,0.0006121103906253
2001-06-12,0.0006109429202945
2001-06-13,0.000611679447634
2001-06-15,0.0006109887039167
2001-06-18,0.0006120404472296
2001-06-19,0.0006146722017226
2001-06-20,0.0006157176882219
2001-06-21,0.0006306669757583
2001-06-22,0.0006658020925387
2001-06-25,0.000666148183172
2001-06-26,0.0006660201503032
2001-06-27,0.0006657344702936
2001-06-28,0.0006665515846664
2001-06-29,0.0006664223852443
2001-07-02,0.0006664504412225
2001-07-03,0.0006666353338102
2001-07-04,0.0006671337283461
2001-07-05,0.0006671598940517
2001-07-06,0.0006670288367609
2001-07-09,0.0006678383624225
2001-07-10,0.0006673926520068
2001-07-11,0.0006682000197579
2001-07-12,0.0006713523125827
2001-07-13,0.0006732471652008
2001-07-16,0.0006717004881431
2001-07-17,0.0006704689050918
2001-07-18,0.0006693955327132
2001-07-19,0.0006806426326788
2001-07-20,0.0006889059189187
2001-07-23,0.0006893659655022
2001-07-24,0.0006885798449178
2001-07-25,0.0006888835499119
2001-07-26,0.0006888755074687
2001-07-27,0.0006877801240394
2001-07-30,0.0006893247922443
2001-07-31,0.0006891601039571
2001-08-01,0.0006891503985899
2001-08-02,0.0006894501124306
2001-08-03,0.0006892846110941
2001-08-06,0.0006895830736506
2001-08-07,0.0006897260490967
2001-08-08,0.0006906405845858
2001-08-09,0.0006904725894418
2001-08-10,0.0006906130602053
2001-08-13,0.0006901364429647
2001-08-14,0.0006908925697477
2001-08-15,0.0006908772802489
2001-08-16,0.0006907078948481
2001-08-17,0.0006913069913299
2001-08-20,0.0006914437597584
2001-08-21,0.0006915799147757
2001-08-22,0.0006918688311174
2001-08-23,0.0006924633533158
2001-08-24,0.0006915246947833
2001-08-27,0.0006919651534857
2001-08-28,0.000691486668807
2001-08-29,0.0006913145338984
2001-08-30,0.0006903787323027
2001-08-31,0.0006912761378774
2001-09-03,0.0006918663001931
2001-09-04,0.0006918452193327
2001-09-05,0.0006912145834396
2001-09-06,0.0006911937712497
2001-09-10,0.0006911726723952
2001-09-11,0.0006919112955128
2001-09-12,0.0006914328852893
2001-09-13,0.0006915623023864
2001-09-14,0.0006912360611346
2001-09-17,0.0006918196569853
2001-09-18,0.0006917958046606
2001-09-19,0.0006919230435047
2001-09-20,0.0006915958847322
2001-09-21,0.000691571399872
2001-09-24,0.0006921508701585
2001-09-25,0.0006918230828891
2001-09-26,0.0006925515932836
2001-09-27,0.0006932782610005
2001-09-28,0.0006934005232364
2001-10-01,0.0006935221985813
2001-10-02,0.0006939441526141
2001-10-03,0.0006942145679227
2001-10-04,0.0006941836394391
2001-10-05,0.0006934018438573
2001-10-08,0.0006932214018042
2001-10-09,0.000692891090323
2001-10-10,0.0006925611324146
2001-10-11,0.0006917824153429
2001-10-15,0.0006919025855016
2001-10-16,0.0006918726786835
2001-10-17,0.000691543715602
2001-10-18,0.0006912151039009
2001-10-19,0.0006917819673908
2001-10-22,0.000691601904462
2001-10-23,0.0006915708655288
2001-10-24,0.000691837317142
2001-10-25,0.0006918053352027
2001-10-26,0.0006914757439349
2001-10-29,0.0006912950751354
2001-10-30,0.000691856786239
2001-10-31,0.00069152681584
2001-11-01,0.0006914937228115
2001-11-05,0.0006916085276458
2001-11-06,0.0006918708213659
2001-11-07,0.0006918363312906
2001-11-08,0.0006920972869077
2001-11-09,0.000691914119909
2001-11-12,0.0006921739459111
2001-11-13,0.0006922853561286
2001-11-14,0.0006918064286687
2001-11-16,0.0006922122147607
2001-11-19,0.0006921751083759
2001-11-20,0.0006922848858981
2001-11-21,0.0006922470680954
2001-11-22,0.0006914743243504
2001-11-23,0.0006921711827141
2001-11-26,0.0006921326077362
2001-11-27,0.0006922404116784
2001-11-28,0.0006922011321972
2001-11-29,0.0006921616029682
2001-11-30,0.000692268150529
2001-12-03,0.0006925203705685
2001-12-04,0.0006924794886375
2001-12-05,0.0006925843823462
2001-12-06,0.0006932724121357
2001-12-07,0.0006927921184725
2001-12-10,0.0006928953671165
2001-12-11,0.0006924155955581
2001-12-12,0.0006929551115844
2001-12-13,0.0006924752573151
2001-12-14,0.0006918507508928
2001-12-17,0.0006919532875622
2001-12-18,0.000692200396223
2001-12-19,0.0006921566312896
2001-12-20,0.0006921126259689
2001-12-21,0.0006922131952924
2001-12-24,0.0006926026534523
2001-12-26,0.0006925571294555
2001-12-27,0.0006914997697891
2001-12-28,0.0006911663424806
2001-12-31,0.0006912662193208
2002-01-02,0.0006912213447074
2002-01-03,0.0006911762332222
2002-01-04,0.0006911308854136
2002-01-07,0.0006915170502488
2002-01-08,0.0006916144516211
2002-01-09,0.000691136451663
2002-01-10,0.0006915208201625
2002-01-11,0.0006916170247148
2002-01-14,0.0006911390212014
2002-01-15,0.0006912349601218
2002-01-16,0.0006911871490176
2002-01-17,0.0006911391071666
2002-01-18,0.0006912338588742
2002-01-21,0.0006911851595856
2002-01-22,0.000691564710147
2002-01-23,0.0006912295064653
2002-01-24,0.0006907520382746
2002-01-25,0.0006912729427788
2002-01-28,0.0006912227107325
2002-01-29,0.000691172252907
2002-01-30,0.0006911215698344
2002-01-31,0.0006912127991631
2002-02-01,0.0006915875876718
2002-02-04,0.0006918193286995
2002-02-05,0.0006919084161765
2002-02-06,0.0006918552436419
2002-02-07,0.0006918018506123
2002-02-08,0.0006918897862602
2002-02-13,0.000691835758106
2002-02-14,0.0006919228642412
2002-02-15,0.0006918682037686
2002-02-18,0.0006918133258688
2002-02-19,0.0006918992910607
2002-02-20,0.0006915618598981
2002-02-21,0.0006910839326084
2002-02-22,0.0006832867415484
2002-02-25,0.0006831015228689
2002-02-26,0.0006836192430592
2002-02-27,0.0006831522270509
2002-02-28,0.0006838089181542
2002-03-01,0.00068362221855
2002-03-04,0.0006834355823059
2002-03-05,0.0006835292017852
2002-03-06,0.00068348231017
2002-03-07,0.000683575100574
2002-03-08,0.000683527572697
2002-03-11,0.000683479823234
2002-03-12,0.0006835714710551
2002-03-13,0.0006835230892396
2002-03-14,0.0006834744875929
2002-03-15,0.0006834256666257
2002-03-18,0.00068351586414
2002-03-19,0.0006836055580623
2002-03-20,0.0006835557021422
2002-03-21,0.0006723894573112
2002-03-22,0.0006751314055384
2002-03-25,0.0006752309710378
2002-03-26,0.0006754686991465
2002-03-27,0.0006758442163143
2002-03-28,0.0006758032121978
2002-04-01,0.0006754852013939
2002-04-02,0.0006744760398504
2002-04-03,0.0006725011833728
2002-04-04,0.000671082450883
2002-04-05,0.0006707704198525
2002-04-08,0.000670458714584
2002-04-09,0.0006701473345516
2002-04-10,0.0006701117619696
2002-04-11,0.0006700759602953
2002-04-12,0.0006701774869883
2002-04-15,0.0006701410444138
2002-04-16,0.0006701043744574
2002-04-17,0.0006700674776207
2002-04-18,0.0006685212770307
2002-04-19,0.0006697198213074
2002-04-22,0.0006702306349655
2002-04-23,0.0006686864172864
2002-04-24,0.000668513218939
2002-04-25,0.0006680666075806
2002-04-26,0.0006681671505528
2002-04-29,0.0006670382600038
2002-04-30,0.0006653655013992
2002-05-02,0.0006611048223423
2002-05-03,0.0006661191080381
2002-05-06,0.0006654033173474
2002-05-07,0.0006640081842173
2002-05-08,0.0006613914926256
2002-05-09,0.0006576923845365
2002-05-10,0.0006601124473031
2002-05-13,0.0006633418584593
2002-05-14,0.0006668358624759
2002-05-15,0.0006684248232184
2002-05-16,0.0006687911204263
2002-05-17,0.0006680733887078
2002-05-20,0.0006681685013003
2002-05-21,0.0006667759934144
2002-05-22,0.0006613328606503
2002-05-23,0.0006621109187003
2002-05-24,0.0006670698229431
2002-05-27,0.0006685128299721
2002-05-28,0.0006673924936198
2002-05-29,0.0006650622046591
2002-05-31,0.0006591029955409
2002-06-03,0.0006479106964434
2002-06-04,0.0006198068331417
2002-06-05,0.0005092913436588
2002-06-06,0.0005958843573576
2002-06-07,0.0006334963403578
2002-06-10,0.0006515974259488
2002-06-11,0.0006597482425358
2002-06-12,0.0006613217302768
2002-06-13,0.0006590113411502
2002-06-14,0.0006553680203673
2002-06-17,0.0006654958572214
2002-06-18,0.000669326701675
2002-06-19,0.0006684786365758
2002-06-20,0.0006697658340204
2002-06-21,0.0006705170418084
2002-06-24,0.0006700677499629
2002-06-25,0.0006701514542286
2002-06-26,0.000671830803449
2002-06-27,0.0006720443506735
2002-06-28,0.0006711945176969
2002-07-01,0.0006722044775933
2002-07-02,0.0006713549643788
2002-07-03,0.0006691812220431
2002-07-04,0.0006693960929153
2002-07-05,0.0006670948924281
2002-07-08,0.0006698253281289
2002-07-09,0.0006714923153197
2002-07-10,0.0006718344409684
2002-07-11,0.0006703271254466
2002-07-12,0.0006692183695693
2002-07-15,0.0006653425742901
2002-07-16,0.000668194382239
2002-07-17,0.0006686699551499
2002-07-18,0.0006648017477495
2002-07-19,0.0006533137128812
2002-07-22,0.0006523614986861
2002-07-23,0.000652592864792
2002-07-24,0.000651642276346
2002-07-25,0.0006543657963824
2002-07-26,0.0006530203501955
2002-07-29,0.0006535111257355
2002-07-30,0.0006537388521423
2002-07-31,0.0006529192988606
2002-08-01,0.0006523625394343
2002-08-02,0.0006519372400006
2002-08-05,0.0006530792582575
2002-08-06,0.0006514787183835
2002-08-07,0.0006540536198791
2002-08-08,0.0006536261133536
2002-08-09,0.0006533293884409
2002-08-12,0.00065342338022
2002-08-13,0.0006515661126316
2002-08-14,0.0006536112508994
2002-08-15,0.0006520153704181
2002-08-16,0.0006522395179269
2002-08-19,0.0006529818075688
2002-08-20,0.0006533334785185
2002-08-21,0.0006534250926635
2002-08-22,0.0006532573279782
2002-08-23,0.0006492083358453
2002-08-26,0.0006509851014269
2002-08-27,0.0006519828820252
2002-08-28,0.0006527201904109
2002-08-29,0.0006529396219248
2002-08-30,0.000652900435714
2002-09-02,0.000652732177093
2002-09-03,0.0006539806273371
2002-09-04,0.0006543254334647
2002-09-05,0.0006522255282948
2002-09-06,0.0006529572214049
2002-09-09,0.0006527880485067
2002-09-10,0.0006530040303456
2002-09-11,0.0006532193115846
2002-09-12,0.0006533056934769
2002-09-13,0.0006530072798076
2002-09-16,0.000652965236771
2002-09-17,0.0006533068445087
2002-09-18,0.0006530081786493
2002-09-19,0.0006536042922442
2002-09-20,0.000653432769532
2002-09-23,0.0006532613040111
2002-09-24,0.0006537275542592
2002-09-25,0.0006525357833673
2002-09-26,0.0006530018150827
2002-09-27,0.0006529575284857
2002-09-30,0.0006534218469564
2002-10-01,0.0006535036298624
2002-10-02,0.0006533309078493
2002-10-03,0.0006536660458382
2002-10-04,0.000653365912822
2002-10-07,0.0006523053828824
2002-10-08,0.0006520068596291
2002-10-09,0.00065158202368
2002-10-10,0.0006516638877103
2002-10-11,0.0006519982240762
2002-10-14,0.0006515733993768
2002-10-15,0.0006530434717817
2002-10-16,0.0007523209498856
2002-10-17,0.0007521337254416
2002-10-18,0.0007515684454668
2002-10-21,0.0007513817831661
2002-10-22,0.0007514467741138
2002-10-23,0.0007511339935533
2002-10-24,0.0007505702147505
2002-10-25,0.000750760553082
2002-10-28,0.0007504482366347
2002-10-29,0.0007505122713207
2002-10-30,0.0007498241621002
2002-10-31,0.0007503888691609
2002-11-01,0.0007499512831845
2002-11-04,0.0007501391669382
2002-11-05,0.0007504510949165
2002-11-06,0.0007507618997821
2002-11-07,0.0007510715832448
2002-11-08,0.000751130933037
2002-11-11,0.0007511897261451
2002-11-12,0.0007507502837087
2002-11-13,0.0007508087138567
2002-11-14,0.0007498727228953
2002-11-18,0.0007498073963283
2002-11-19,0.000749493701003
2002-11-20,0.0007494281984321
2002-11-21,0.0007498578688629
2002-11-22,0.0007764013592779
2002-11-25,0.0007796328824514
2002-11-26,0.0007818677853788
2002-11-27,0.0007836030626953
2002-11-28,0.0007838531918111
2002-11-29,0.0007831159607096
2002-12-02,0.0007812712695314
2002-12-03,0.0007832463326331
2002-12-04,0.0007842323059432
2002-12-05,0.0007838635698853
2002-12-06,0.0007842320481963
2002-12-09,0.000784108344876
2002-12-10,0.0007836166132118
2002-12-11,0.0007827580059946
2002-12-12,0.0007816560923756
2002-12-13,0.0007812902334807
2002-12-16,0.0007809247547403
2002-12-17,0.0007809260581246
2002-12-18,0.0007805607662774
2002-12-19,0.0007805616849205
2002-12-20,0.0008774317629567
2002-12-23,0.0008777582274008
2002-12-24,0.0008783264287217
2002-12-26,0.0008773125918601
2002-12-27,0.0008776363848519
2002-12-30,0.0008785652284943
2002-12-31,0.0008797333697605
2003-01-02,0.0008805344484428
2003-01-03,0.0008801227767645
2003-01-06,0.0008798323990604
2003-01-07,0.0008805083709892
2003-01-08,0.0008805784955416
2003-01-09,0.0008800449004962
2003-01-10,0.0008798734254373
2003-01-13,0.0008798220809584
2003-01-14,0.000879529686111
2003-01-15,0.0008798381184367
2003-01-16,0.0008805051830966
2003-01-17,0.0008810498717883
2003-01-20,0.0008811131192028
2003-01-21,0.0008809360670047
2003-01-22,0.0008807587994836
2003-01-23,0.0008810593747012
2003-01-24,0.0008948517010778
2003-01-27,0.0008959604947038
2003-01-28,0.00089635042343
2003-01-29,0.000892808656707
2003-01-30,0.0008958197023936
2003-01-31,0.0008963255644651
2003-02-03,0.0008948102667303
2003-02-04,0.0008963835657791
2003-02-05,0.0008968849106376
2003-02-06,0.0008976210908973
2003-02-07,0.0008976445027173
2003-02-10,0.0008969576982642
2003-02-11,0.0008966264165279
2003-02-12,0.0008964133316431
2003-02-13,0.0008947850469955
2003-02-14,0.0008944563850601
2003-02-17,0.0008950695721194
2003-02-18,0.0008960332154419
2003-02-19,0.000895113558867
2003-02-20,0.0008953695996958
2003-02-21,0.0009197859181269
2003-02-24,0.000923510784663
2003-02-25,0.000924414806559
2003-02-26,0.0009248476755876
2003-02-27,0.0009246942683562
2003-02-28,0.0009251242449799
2003-03-05,0.0009263687325473
2003-03-06,0.0009269097732462
2003-03-07,0.0009267499623946
2003-03-10,0.0009267061186566
2003-03-11,0.0009275912852904
2003-03-12,0.0009268477597694
2003-03-13,0.000926685479538
2003-03-14,0.0009260593041842
2003-03-17,0.0009260129757595
2003-03-18,0.0009259659832139
2003-03-19,0.0009251093634126
2003-03-20,0.0009248316252237
2003-03-21,0.0009251306314443
2003-03-24,0.0009247365411304
2003-03-25,0.0009244578927793
2003-03-26,0.0009234890262057
2003-03-27,0.0009239011822235
2003-03-28,0.0009235076619098
2003-03-31,0.000924376312702
2003-04-01,0.0009247833337746
2003-04-02,0.0009241579067655
2003-04-03,0.0009242198098777
2003-04-04,0.0009240521693452
2003-04-07,0.0009242267651001
2003-04-08,0.0009244000896677
2003-04-09,0.0009244581701768
2003-04-10,0.0009241736895404
2003-04-11,0.0009235479120341
2003-04-14,0.0009238323630704
2003-04-15,0.0009237745735677
2003-04-16,0.0009241699601425
2003-04-17,0.000926036963043
2003-04-22,0.0009266523469455
2003-04-23,0.0009263601389086
2003-04-24,0.0009264070428636
2003-04-25,0.0009253237532098
2003-04-28,0.0009244683207134
2003-04-29,0.0009247416522732
2003-04-30,0.000924788209198
2003-05-02,0.0009264089905551
2003-05-05,0.0009266756119414
2003-05-06,0.0009262668872727
2003-05-07,0.0009255219089741
2003-05-08,0.0009250023932136
2003-05-09,0.0009248194989313
2003-05-12,0.0009247482089087
2003-05-13,0.0009244527591785
2003-05-14,0.0009241573388198
2003-05-15,0.0009247545684862
2003-05-16,0.0009237887131234
2003-05-19,0.0009254976610302
2003-05-20,0.0009257545929166
2003-05-21,0.0009248983640082
2003-05-22,0.0009239326545389
2003-05-23,0.0009231907514042
2003-05-26,0.0009234478371697
2003-05-27,0.0009235926702693
2003-05-28,0.0009231830483984
2003-05-29,0.0009229948768203
2003-05-30,0.0009231377893046
2003-06-02,0.0009231691737856
2003-06-03,0.0009235304240819
2003-06-04,0.0009238898892434
2003-06-05,0.0009231471471684
2003-06-06,0.0009235050843903
2003-06-09,0.0009232022078646
2003-06-10,0.0009231188600029
2003-06-11,0.0009232542316093
2003-06-12,0.0009229502994658
2003-06-13,0.0009225369876595
2003-06-16,0.0009225613706125
2003-06-17,0.0009225849024432
2003-06-18,0.0009226075854409
2003-06-20,0.0009218661973635
2003-06-23,0.0009068560276459
2003-06-24,0.0009064697167393
2003-06-25,0.000906844851894
2003-06-26,0.0009066750446655
2003-06-27,0.0009069391044009
2003-06-30,0.0009069848241616
2003-07-01,0.0009074630384324
2003-07-02,0.0009065320532413
2003-07-03,0.0009063598647716
2003-07-04,0.0009062954471295
2003-07-07,0.0009057986659251
2003-07-08,0.0009056260440665
2003-07-09,0.0009057764096429
2003-07-10,0.0009058179695595
2003-07-11,0.0009053208817741
2003-07-14,0.0009050393238618
2003-07-15,0.0009056167024279
2003-07-16,0.0009058699730652
2003-07-17,0.0009054787950881
2003-07-18,0.0009049808639163
2003-07-21,0.0009057672566474
2003-07-22,0.000904947584756
2003-07-23,0.0009043429605084
2003-07-24,0.0009035258632543
2003-07-25,0.0008597544935122
2003-07-28,0.0008600809345105
2003-07-29,0.00085976745844
2003-07-30,0.0008597731015513
2003-07-31,0.0008599905439281
2003-08-01,0.0008607374556537
2003-08-04,0.0008606334733187
2003-08-05,0.0008616945770032
2003-08-06,0.000861693712981
2003-08-07,0.0008615864444296
2003-08-08,0.0008610561062383
2003-08-11,0.0008616879454281
2003-08-12,0.0008620010302657
2003-08-13,0.0008619964546205
2003-08-14,0.000861254056677
2003-08-15,0.0008604077135125
2003-08-18,0.0008604039756467
2003-08-19,0.0008607147377703
2003-08-20,0.0008602894002207
2003-08-21,0.0008499026780166
2003-08-22,0.0007799263470413
2003-08-25,0.0007790044634934
2003-08-26,0.0007786073065856
2003-08-27,0.000778315132752
2003-08-28,0.000779276529321
2003-08-29,0.0007796090182499
2003-09-01,0.0007793145535872
2003-09-02,0.0007793329122844
2003-09-03,0.0007792466338503
2003-09-04,0.0007796802873849
2003-09-05,0.0007795926573788
2003-09-08,0.0007799202732006
2003-09-09,0.0007799352572774
2003-09-10,0.0007803645995336
2003-09-11,0.0007802742847027
2003-09-12,0.0007802872616937
2003-09-15,0.0007806101569343
2003-09-16,0.0007798978864177
2003-09-17,0.0007786702415726
2003-09-18,0.0007759997332468
2003-09-19,0.0007135064701431
2003-09-22,0.0007132038997275
2003-09-23,0.0007137256582365
2003-09-24,0.0007145547347178
2003-09-25,0.0007144559452949
2003-09-26,0.0007141514327893
2003-09-29,0.0007141553436289
2003-09-30,0.0007141588823897
2003-10-01,0.0007141620498614
2003-10-02,0.0007144723230887
2003-10-03,0.0007148839870287
2003-10-06,0.0007146803302329
2003-10-07,0.0007145790176406
2003-10-08,0.0007143753579541
2003-10-09,0.0007145802767674
2003-10-10,0.0007141720701568
2003-10-13,0.0007146822014865
2003-10-14,0.0007151908763736
2003-10-15,0.0007151889201624
2003-10-16,0.0007151866028494
2003-10-17,0.000715387304687
2003-10-20,0.0007158920619714
2003-10-21,0.0007153799271601
2003-10-22,0.0007148685245672
2003-10-23,0.0007134452591988
2003-10-24,0.0006812212738016
2003-10-27,0.0006804537532949
2003-10-28,0.0006805981856987
2003-10-29,0.0006804386478231
2003-10-30,0.0006818959455889
2003-10-31,0.0006818352111741
2003-11-03,0.0006821779398589
2003-11-04,0.000681813735466
2003-11-05,0.0006822561697574
2003-11-06,0.0006823952597296
2003-11-07,0.0006825337480331
2003-11-10,0.0006821687838236
2003-11-11,0.0006822062558353
2003-11-12,0.0006822433341924
2003-11-13,0.0006823803844593
2003-11-14,0.00068261713363
2003-11-17,0.0006824521692134
2003-11-18,0.0006824875439013
2003-11-19,0.0006822222549187
2003-11-20,0.0006816571219665
2003-11-21,0.0006327146456948
2003-11-24,0.0006333134881788
2003-11-25,0.0006329126560569
2003-11-26,0.0006325123309973
2003-11-27,0.0006321125120389
2003-11-28,0.0006317131982225
2003-12-01,0.0006323101526106
2003-12-02,0.0006309154543437
2003-12-03,0.0006305176510135
2003-12-04,0.0006301203490111
2003-12-05,0.0006307168021963
2003-12-08,0.0006303192492549
2003-12-09,0.0006319062040889
2003-12-10,0.0006305157737993
2003-12-11,0.0006311092264801
2003-12-12,0.0006297210513965
2003-12-15,0.0006303142566792
2003-12-16,0.0006299172108807
2003-12-17,0.0006295206649793
2003-12-18,0.0006291246180314
2003-12-19,0.0005961575474628
2003-12-22,0.0005967887831328
2003-12-23,0.0005974186781076
2003-12-24,0.0005970619821276
2003-12-26,0.0005976903747233
2003-12-29,0.0005963492796081
2003-12-30,0.0005969773473157
2003-12-31,0.0005976040794342
2004-01-02,0.000598229476505
2004-01-05,0.0005978718119639
2004-01-06,0.0005975145748422
2004-01-07,0.0005971577643746
2004-01-08,0.0005977813492219
2004-01-09,0.0005964448361981
2004-01-12,0.0005960893018119
2004-01-13,0.0005967124080965
2004-01-14,0.0005973341884368
2004-01-15,0.0005960005432399
2004-01-16,0.0005966220062707
2004-01-19,0.0005962662606981
2004-01-20,0.0005959109391109
2004-01-21,0.0005955560407511
2004-01-22,0.0005961757081778
2004-01-23,0.0005967940573721
2004-01-26,0.000597411088884
2004-01-27,0.0005970544019635
2004-01-28,0.000597669961788
2004-01-29,0.0005963417251757
2004-01-30,0.0005950156519205
2004-02-02,0.0005966019878971
2004-02-03,0.0005972157723135
2004-02-04,0.0005958903910494
2004-02-05,0.0005974722180259
2004-02-06,0.0005961476859113
2004-02-09,0.0005967597012139
2004-02-10,0.0005954371726786
2004-02-11,0.0005960488818046
2004-02-12,0.0005947283510672
2004-02-13,0.0005963046479922
2004-02-16,0.0005969135998904
2004-02-17,0.0005975212505542
2004-02-18,0.0005971644321158
2004-02-19,0.0005977706331941
2004-02-20,0.000596451498392
2004-02-25,0.0005980188462466
2004-02-26,0.0005976614334457
2004-02-27,0.0005973044476135
2004-03-01,0.000596947887985
2004-03-02,0.000597550904527
2004-03-03,0.0005962354727515
2004-03-04,0.0005968381945788
2004-03-05,0.0005964821912245
2004-03-08,0.0005970834768629
2004-03-09,0.000596727180923
2004-03-10,0.0005963713099526
2004-03-11,0.0005969710168185
2004-03-12,0.0005966148550415
2004-03-15,0.0005962591179944
2004-03-16,0.0005959038049172
2004-03-17,0.0005965017933169
2004-03-18,0.0005951938808355
2004-03-19,0.0005891293733815
2004-03-22,0.0005897336876807
2004-03-23,0.0005903367295914
2004-03-24,0.0005918885615399
2004-03-25,0.0005905889368069
2004-03-26,0.0005902403473876
2004-03-29,0.0005898921692288
2004-03-30,0.0005895444016028
2004-03-31,0.0005891970437843
2004-04-01,0.0005897967993819
2004-04-02,0.0005894491441631
2004-04-05,0.000590993076398
2004-04-06,0.0005896989794615
2004-04-07,0.0005902959129799
2004-04-08,0.0005890037530111
2004-04-12,0.0005896003924379
2004-04-13,0.0005892529686564
2004-04-14,0.0005889059540746
2004-04-15,0.0005876176530137
2004-04-16,0.0005806845678135
2004-04-19,0.0005803475689361
2004-04-20,0.0005800109609852
2004-04-22,0.00057967474328
2004-04-23,0.0005793389151433
2004-04-26,0.0005799418932004
2004-04-27,0.0005786678821506
2004-04-28,0.0005792705502789
2004-04-29,0.0005798719785063
2004-04-30,0.0005785996764333
2004-05-03,0.0005801365005042
2004-05-04,0.0005798001372818
2004-05-05,0.0005794641638798
2004-05-06,0.0005791285796217
2004-05-07,0.0005797269215472
2004-05-10,0.0005793910329674
2004-05-11,0.0005790555333837
2004-05-12,0.000578720422121
2004-05-13,0.0005783856985055
2004-05-14,0.0005789822014168
2004-05-17,0.000579577475926
2004-05-18,0.0005792417604486
2004-05-19,0.0005789064336667
2004-05-20,0.0005795001810937
2004-05-21,0.0005791645551291
2004-05-24,0.000579756928791
2004-05-25,0.0005794210054483
2004-05-26,0.0005800120079162
2004-05-27,0.0005815277883238
2004-05-28,0.0005821152717802
2004-05-31,0.0005836264568694
2004-06-01,0.0005823616521323
2004-06-02,0.0005801750133034
2004-06-03,0.0005807619153139
2004-06-04,0.0005785792787413
2004-06-07,0.0005810114394697
2004-06-08,0.0005797523563384
2004-06-09,0.000579416438293
2004-06-11,0.0005790809092951
2004-06-14,0.0005787457686692
2004-06-15,0.0005784110157411
2004-06-16,0.0005789956906177
2004-06-17,0.000579579157562
2004-06-18,0.0005792434401368
2004-06-21,0.0005789081114109
2004-06-22,0.0005794900854012
2004-06-23,0.0005791544711275
2004-06-24,0.0005788192453735
2004-06-25,0.0005784844074652
2004-06-28,0.0005790647509655
2004-06-29,0.0005787296290371
2004-06-30,0.0005783948947741
2004-07-01,0.0005798869631363
2004-07-02,0.0005795508891315
2004-07-05,0.0005783030545163
2004-07-06,0.0005788804361201
2004-07-07,0.0005785455274331
2004-07-08,0.0005782110060414
2004-07-09,0.0005796969559084
2004-07-12,0.0005820896472628
2004-07-13,0.0005790240581315
2004-07-14,0.0005786889832879
2004-07-15,0.0005783542960282
2004-07-16,0.0005798348151335
2004-07-19,0.0005785919176692
2004-07-20,0.0005791637021159
2004-07-21,0.0005788284656786
2004-07-22,0.0005793989279307
2004-07-23,0.0005781586326141
2004-07-26,0.0005787288221421
2004-07-27,0.0005792978295759
2004-07-28,0.0005789624378924
2004-07-29,0.0005786274343424
2004-07-30,0.000579194991136
2004-08-02,0.0005797613691387
2004-08-03,0.0005812276970766
2004-08-04,0.0005808900676804
2004-08-05,0.0005805528303075
2004-08-06,0.0005820151036068
2004-08-09,0.000581676559064
2004-08-10,0.0005804398943705
2004-08-11,0.0005810011718803
2004-08-12,0.0005815612766346
2004-08-13,0.0005812232596937
2004-08-16,0.0005799892070015
2004-08-17,0.0005814448321739
2004-08-18,0.000580211562327
2004-08-19,0.0005798751120822
2004-08-20,0.0005804334021981
2004-08-23,0.0005800966947
2004-08-24,0.000581547004363
2004-08-25,0.0005812090040078
2004-08-26,0.0005799791207516
2004-08-27,0.000580534698318
2004-08-30,0.0005810891142936
2004-08-31,0.0005825330926005
2004-09-01,0.0005830841501703
2004-09-02,0.0005818546751223
2004-09-03,0.0005832946544956
2004-09-06,0.0005811773195107
2004-09-08,0.0005817278827946
2004-09-09,0.0005822772900319
2004-09-10,0.0005819384404937
2004-09-13,0.0005824865704484
2004-09-14,0.0005848056850201
2004-09-15,0.0005844638872161
2004-09-16,0.0005850075227895
2004-09-17,0.0005952796885795
2004-09-20,0.0005940415510847
2004-09-21,0.0005945723408127
2004-09-22,0.0005933360939942
2004-09-23,0.0005947490891251
2004-09-24,0.000593513680358
2004-09-27,0.0005949243696885
2004-09-28,0.0005954514905224
2004-09-29,0.0005942168178325
2004-09-30,0.0005947437323159
2004-10-01,0.0005943902224567
2004-10-04,0.0005957946389028
2004-10-05,0.0005945616491049
2004-10-06,0.0005942083556051
2004-10-07,0.0005938554817159
2004-10-08,0.0005943796929037
2004-10-11,0.0005940266155466
2004-10-13,0.0005945495827206
2004-10-14,0.0005950714085689
2004-10-15,0.0005947175091831
2004-10-18,0.0005943640304872
2004-10-19,0.0005948845172787
2004-10-20,0.00059365781389
2004-10-21,0.0005950506098397
2004-10-22,0.0006103925434446
2004-10-25,0.0006117631065016
2004-10-26,0.0006131309304522
2004-10-27,0.0006127552312673
2004-10-28,0.0006115101342798
2004-10-29,0.0006120057445084
2004-11-01,0.0006116314225643
2004-11-03,0.0006121258218116
2004-11-04,0.0006126190854274
2004-11-05,0.0006131112142118
2004-11-08,0.000613602208968
2004-11-09,0.0006132259321813
2004-11-10,0.0006137157241066
2004-11-11,0.0006133393081291
2004-11-12,0.0006129633536098
2004-11-16,0.0006143158931555
2004-11-17,0.0006139387408299
2004-11-18,0.0006135620513165
2004-11-19,0.0006304343701435
2004-11-22,0.0006300371730552
2004-11-23,0.0006305018174301
2004-11-24,0.0006301045353753
2004-11-25,0.0006297077536638
2004-11-26,0.000628451756226
2004-11-29,0.000628916227843
2004-11-30,0.0006293795759888
2004-12-01,0.0006298418015879
2004-12-02,0.0006311604605411
2004-12-03,0.0006299053342269
2004-12-06,0.0006303652778361
2004-12-07,0.000629968167777
2004-12-08,0.0006295715577362
2004-12-09,0.000628320588826
2004-12-10,0.0006296346922736
2004-12-13,0.0006292385018829
2004-12-14,0.0006296960564644
2004-12-15,0.00063015249861
2004-12-16,0.0006297556565098
2004-12-17,0.0006472436787285
2004-12-20,0.0006459739397599
2004-12-21,0.0006472579990799
2004-12-22,0.000646839327151
2004-12-23,0.0006464211964993
2004-12-24,0.0006477013816497
2004-12-27,0.0006472821361158
2004-12-28,0.0006468634329712
2004-12-29,0.0006472925126725
2004-12-30,0.0006468737961076
2004-12-31,0.0006489940592082
2005-01-03,0.0006485731390939
2005-01-04,0.0006489978138577
2005-01-05,0.0006477323877172
2005-01-06,0.0006473131020561
2005-01-07,0.0006477377674132
2005-01-10,0.0006473184747894
2005-01-11,0.0006477420419963
2005-01-12,0.0006464809717416
2005-01-13,0.0006477457606302
2005-01-14,0.0006464857739503
2005-01-17,0.000647748381259
2005-01-18,0.0006481686716237
2005-01-19,0.0006485878740076
2005-01-20,0.0006473289714095
2005-01-21,0.0006645075060858
2005-01-24,0.0006649036392167
2005-01-25,0.0006652986898219
2005-01-26,0.0006648563617552
2005-01-27,0.0006644146214673
2005-01-28,0.0006648086545393
2005-01-31,0.0006643669776227
2005-02-01,0.0006655940426831
2005-02-02,0.0006651513219257
2005-02-03,0.0006655421586387
2005-02-04,0.0006659319217796
2005-02-09,0.0006654887515762
2005-02-10,0.0006650461708304
2005-02-11,0.0006646041783664
2005-02-14,0.0006649929764788
2005-02-15,0.0006645510546947
2005-02-16,0.0006641097198798
2005-02-17,0.0006636689708656
2005-02-18,0.00068061682763
2005-02-21,0.000680153903438
2005-02-22,0.0006805184839735
2005-02-23,0.0006800556935038
2005-02-24,0.0006795935320533
2005-02-25,0.0006799571891031
2005-02-28,0.0006803197915334
2005-03-01,0.0006790332017569
2005-03-02,0.0006802194490058
2005-03-03,0.0006789341145874
2005-03-04,0.0006784734757991
2005-03-07,0.0006788352961479
2005-03-08,0.0006783747913956
2005-03-09,0.0006787356312407
2005-03-10,0.0006782752616525
2005-03-11,0.0006778155161559
2005-03-14,0.0006781754459537
2005-03-15,0.0006777158357145
2005-03-16,0.0006780747910768
2005-03-17,0.0006784327060147
2005-03-18,0.0006951262744661
2005-03-21,0.0006962759440334
2005-03-22,0.0006966071804375
2005-03-23,0.0006969373881231
2005-03-24,0.0006972665684301
2005-03-28,0.0006975947227001
2005-03-29,0.0006971084235425
2005-03-30,0.0006974356639986
2005-03-31,0.0006969495865007
2005-04-01,0.0006972759158949
2005-04-04,0.0006976012251824
2005-04-05,0.0006971149169621
2005-04-06,0.0006982493544029
2005-04-07,0.0006977621424373
2005-04-08,0.0006972756099139
2005-04-11,0.0006975980961958
2005-04-12,0.0006971117923366
2005-04-13,0.0006958189514605
2005-04-14,0.000696948430656
2005-04-15,0.0006972691233109
2005-04-18,0.0006967832778459
2005-04-19,0.0006962981089668
2005-04-20,0.0006966180240661
2005-04-22,0.0006969369340401
2005-04-25,0.0007028778631228
2005-04-26,0.000704792347143
2005-04-27,0.0007042959647369
2005-04-28,0.0007046018758922
2005-04-29,0.0007049067920974
2005-05-02,0.0007060111809118
2005-05-03,0.0007063129822406
2005-05-04,0.000706613793197
2005-05-05,0.0007069136151562
2005-05-06,0.0007064142413111
2005-05-09,0.000706713217212
2005-05-10,0.0007062141263549
2005-05-11,0.0007057157399301
2005-05-12,0.0007068099707963
2005-05-13,0.0007063107433205
2005-05-16,0.0007058122205663
2005-05-17,0.0007061086740167
2005-05-18,0.0007064041488942
2005-05-19,0.0007066986465651
2005-05-20,0.0007141254974505
2005-05-23,0.0007136158861509
2005-05-24,0.000714689925088
2005-05-25,0.000714179508189
2005-05-27,0.000713669819828
2005-05-30,0.0007139506268392
2005-05-31,0.000715019674879
2005-06-01,0.000716086069129
2005-06-02,0.000715573656802
2005-06-03,0.000715849490479
2005-06-06,0.0007153374165536
2005-06-07,0.0007148260747162
2005-06-08,0.0007143154633975
2005-06-09,0.0007145908456986
2005-06-10,0.0007140805702601
2005-06-13,0.0007143551670383
2005-06-14,0.000714628812235
2005-06-15,0.0007149015072442
2005-06-16,0.0007151732534593
2005-06-17,0.000714662146207
2005-06-20,0.000714151768971
2005-06-21,0.0007144229102544
2005-06-22,0.0007146931071908
2005-06-23,0.0007141826857479
2005-06-24,0.0007144521118409
2005-06-27,0.0007147205971889
2005-06-28,0.000714988143178
2005-06-29,0.0007152547511963
2005-06-30,0.000715520422631
2005-07-01,0.0007150088192184
2005-07-04,0.0007144979468851
2005-07-05,0.00071553826618
2005-07-06,0.0007142519605132
2005-07-07,0.0007145162925972
2005-07-08,0.0007140061235886
2005-07-11,0.0007134966825883
2005-07-12,0.0007145329040469
2005-07-13,0.0007140227113255
2005-07-14,0.0007135132466626
2005-07-15,0.0007137753241859
2005-07-18,0.0007148067441398
2005-07-19,0.0007135264447371
2005-07-20,0.0007137868546305
2005-07-21,0.0007132777263658
2005-07-22,0.000713537394275
2005-07-25,0.0007137961444263
2005-07-26,0.0007132870029136
2005-07-27,0.0007135450157997
2005-07-28,0.0007122703502533
2005-07-29,0.0007132940562399
2005-08-01,0.0007127856304864
2005-08-02,0.0007138064224236
2005-08-03,0.0007140609678237
2005-08-04,0.0007135514485856
2005-08-05,0.0007138052684321
2005-08-08,0.0007132961139078
2005-08-09,0.0007135492105267
2005-08-10,0.000713040421097
2005-08-11,0.0007132927968074
2005-08-12,0.0007135442709005
2005-08-15,0.0007130354885127
2005-08-16,0.0007125274311678
2005-08-17,0.0007127783721809
2005-08-18,0.0007115129462773
2005-08-19,0.0007110070555524
2005-08-22,0.0007120151997463
2005-08-23,0.000713020834121
2005-08-24,0.0007125127976517
2005-08-25,0.0007127605275636
2005-08-26,0.0007130073669883
2005-08-29,0.0007124993497029
2005-08-30,0.00071349891732
2005-08-31,0.0007129901995845
2005-09-01,0.0007139869210235
2005-09-02,0.0007149811481048
2005-09-05,0.0007144703152983
2005-09-06,0.0007147109587262
2005-09-08,0.000713450301172
2005-09-09,0.0007136913285004
2005-09-12,0.000713931477561
2005-09-13,0.0007134221430362
2005-09-14,0.0007136616076985
2005-09-15,0.0007131526580261
2005-09-16,0.000705921373058
2005-09-19,0.0007061698793913
2005-09-20,0.0007056715553939
2005-09-21,0.0007051739342072
2005-09-22,0.0007046770143444
2005-09-23,0.0007049251714859
2005-09-26,0.0007044286020327
2005-09-27,0.0007054193900388
2005-09-28,0.000704922124304
2005-09-29,0.0007051678410803
2005-09-30,0.0007054126886756
2005-10-03,0.0007078803763698
2005-10-04,0.0007058982128849
2005-10-05,0.0007046600829307
2005-10-06,0.0007049035546962
2005-10-07,0.0007036678687659
2005-10-10,0.0007039116956442
2005-10-11,0.0007041546601163
2005-10-13,0.0007043967634627
2005-10-14,0.0007031638688754
2005-10-17,0.0007026697768766
2005-10-18,0.0007029124126971
2005-10-19,0.0007024186738924
2005-10-20,0.000703395629539
2005-10-21,0.0006867425633492
2005-10-24,0.0006870052516267
2005-10-25,0.0006865335994383
2005-10-26,0.0006867955672733
2005-10-27,0.0006863242028529
2005-10-28,0.00068658545244
2005-10-31,0.0006861143762906
2005-11-01,0.0006878368372078
2005-11-03,0.0006895554266697
2005-11-04,0.0006876203518104
2005-11-07,0.0006893362239255
2005-11-08,0.0006888613668323
2005-11-09,0.0006883871635097
2005-11-10,0.0006886415635221
2005-11-11,0.0006888951126273
2005-11-14,0.0006884208628596
2005-11-16,0.0006886737146754
2005-11-17,0.0006881997695837
2005-11-18,0.0006877264763811
2005-11-21,0.0006879787850251
2005-11-22,0.00068678134273
2005-11-23,0.000687033953522
2005-11-24,0.0006858388032835
2005-11-25,0.0006694635688191
2005-11-28,0.0006704606454772
2005-11-29,0.0006700114291819
2005-11-30,0.0006710058377508
2005-12-01,0.0006712769186729
2005-12-02,0.0006715471524094
2005-12-05,0.0006710964794798
2005-12-06,0.0006713659887285
2005-12-07,0.0006709155588409
2005-12-08,0.0006711843457389
2005-12-09,0.0006700160286792
2005-12-12,0.0006702850577384
2005-12-13,0.0006705532458721
2005-12-14,0.0006693872168541
2005-12-15,0.000668939437346
2005-12-16,0.0006541776471649
2005-12-19,0.0006537499785419
2005-12-20,0.0006547524592532
2005-12-21,0.0006550383665329
2005-12-22,0.0006553234320958
2005-12-23,0.0006556076569836
2005-12-26,0.0006551781171935
2005-12-27,0.0006547491398847
2005-12-28,0.0006550327160361
2005-12-29,0.0006546039290467
2005-12-30,0.0006563088847015
2006-01-02,0.0006565890200409
2006-01-03,0.00065544806586
2006-01-04,0.0006550187350971
2006-01-05,0.0006545899664052
2006-01-06,0.0006541617586817
2006-01-09,0.000654442381802
2006-01-10,0.0006540143670819
2006-01-11,0.0006528795667086
2006-01-12,0.0006538673603551
2006-01-13,0.0006534400972038
2006-01-16,0.0006530133920692
2006-01-17,0.0006532927435825
2006-01-18,0.0006535712699375
2006-01-19,0.000652439814893
2006-01-20,0.0006273702413861
2006-01-23,0.0006269768947404
2006-01-24,0.0006286937515997
2006-01-25,0.0006297043341367
2006-01-26,0.0006307127616089
2006-01-27,0.0006324209438723
2006-01-30,0.0006299168411563
2006-01-31,0.0006274172212357
2006-02-01,0.0006270238156955
2006-02-02,0.0006280311957167
2006-02-03,0.0006297361405571
2006-02-06,0.0006293398225261
2006-02-07,0.0006289440030189
2006-02-08,0.0006292470685187
2006-02-09,0.0006295493138819
2006-02-10,0.0006291532308972
2006-02-13,0.0006294547165537
2006-02-14,0.0006283621204923
2006-02-15,0.0006293599186844
2006-02-16,0.0006303555873439
2006-02-17,0.0006306538079112
2006-02-20,0.000630256334354
2006-02-21,0.0006305538040172
2006-02-22,0.0006308504613745
2006-02-23,0.0006311463073433
2006-02-24,0.000631441342842
2006-03-01,0.0006331209538099
2006-03-02,0.0006334126195177
2006-03-03,0.0006330116619426
2006-03-06,0.0006326112116683
2006-03-07,0.0006322112677321
2006-03-08,0.0006318118291746
2006-03-09,0.0006314128950384
2006-03-10,0.0006068772990648
2006-03-13,0.0006058200073608
2006-03-14,0.0006061420094296
2006-03-15,0.000605086443379
2006-03-16,0.0006054084993849
2006-03-17,0.0006050422016936
2006-03-20,0.0006046763469851
2006-03-21,0.0006049976514279
2006-03-22,0.0006046318505783
2006-03-23,0.000604952378862
2006-03-24,0.0006059575774857
2006-03-27,0.0006055906152635
2006-03-28,0.0006052240972302
2006-03-29,0.0006055422511117
2006-03-30,0.0006051757916007
2006-03-31,0.0006061765771183
2006-04-03,0.0006064923365458
2006-04-04,0.0006047595807636
2006-04-05,0.0006037119073134
2006-04-06,0.0006033476591473
2006-04-07,0.000602983850253
2006-04-10,0.0006026204798357
2006-04-11,0.0006029380641059
2006-04-12,0.0006032548557937
2006-04-13,0.0006022114618648
2006-04-17,0.0006032075971551
2006-04-18,0.0006028439571001
2006-04-19,0.0006024807552178
2006-04-20,0.0006027960515164
2006-04-24,0.0005773597717124
2006-04-25,0.0005770266197551
2006-04-26,0.0005760169813324
2006-04-27,0.0005763618578336
2006-04-28,0.0005767059475758
2006-05-02,0.0005784006546198
2006-05-03,0.0005787416117919
2006-05-04,0.0005784068636713
2006-05-05,0.0005780725025683
2006-05-08,0.0005784126684509
2006-05-09,0.0005787520515716
2006-05-10,0.0005784172913776
2006-05-11,0.0005774099462565
2006-05-12,0.000577076736409
2006-05-15,0.0005774161066156
2006-05-16,0.0005784265052357
2006-05-17,0.0005794349602721
2006-05-18,0.0005770863180214
2006-05-19,0.0005774241250615
2006-05-22,0.0005770908988542
2006-05-23,0.0005760881870437
2006-05-24,0.0005764259848279
2006-05-25,0.0005767630079462
2006-05-26,0.0005764305441315
2006-05-29,0.0005767667910647
2006-05-30,0.00057643432289
2006-05-31,0.0005767697954202
2006-06-01,0.0005771044966114
2006-06-02,0.0005601019385528
2006-06-05,0.0005604548147466
2006-06-06,0.0005608069225686
2006-06-07,0.0005598269262772
2006-06-08,0.0005601789911588
2006-06-09,0.0005592004431047
2006-06-12,0.0005595524643569
2006-06-13,0.0005599037204706
2006-06-14,0.0005602542120295
2006-06-16,0.0005592770663895
2006-06-19,0.0005596275161687
2006-06-20,0.0005599772032949
2006-06-21,0.000559663804323
2006-06-22,0.0005593507559509
2006-06-23,0.000559699641091
2006-06-26,0.0005600477660574
2006-06-27,0.0005590734448044
2006-06-28,0.0005594215303976
2006-06-29,0.0005591087529233
2006-06-30,0.0005594560609278
2006-07-03,0.0005604619789187
2006-07-04,0.0005614660326229
2006-07-05,0.0005598337096293
2006-07-06,0.0005601787305862
2006-07-07,0.0005598651060618
2006-07-10,0.0005602093552332
2006-07-11,0.0005592385418529
2006-07-12,0.0005595827561815
2006-07-13,0.0005592697984462
2006-07-14,0.0005596132436116
2006-07-17,0.0005586445656735
2006-07-18,0.0005589879761882
2006-07-19,0.0005593306371063
2006-07-20,0.000559017961234
2006-07-21,0.0005423500833805
2006-07-24,0.0005414022317802
2006-07-25,0.0005411092740117
2006-07-26,0.0005414697933008
2006-07-27,0.0005405239557214
2006-07-28,0.0005408844014549
2006-07-31,0.0005405920036727
2006-08-01,0.0005422551688583
2006-08-02,0.0005406584959923
2006-08-03,0.0005416684299104
2006-08-04,0.0005413751840641
2006-08-07,0.0005410822555584
2006-08-08,0.0005407896438784
2006-08-09,0.0005411469847458
2006-08-10,0.0005415035879483
2006-08-11,0.0005412105205095
2006-08-14,0.0005415663525796
2006-08-15,0.0005419214486157
2006-08-16,0.0005422758091213
2006-08-17,0.000541981905445
2006-08-18,0.0005423354985765
2006-08-21,0.000542041530213
2006-08-22,0.0005423943575471
2006-08-23,0.0005427464521181
2006-08-24,0.000541806261963
2006-08-25,0.0005415128669008
2006-08-28,0.000541864866643
2006-08-29,0.0005409266802576
2006-08-30,0.0005412786160794
2006-08-31,0.0005403417613338
2006-09-01,0.0005239578773912
2006-09-04,0.0005249701809217
2006-09-05,0.0005246947318333
2006-09-06,0.0005244195716469
2006-09-08,0.0005241446999078
2006-09-11,0.0005245121138544
2006-09-12,0.000523595483989
2006-09-13,0.0005233214752278
2006-09-14,0.0005236887429995
2006-09-15,0.0005234146366464
2006-09-18,0.0005231408170858
2006-09-19,0.0005235072683031
2006-09-20,0.0005232333518405
2006-09-21,0.0005235990369356
2006-09-22,0.0005233250244569
2006-09-25,0.0005230512986231
2006-09-26,0.0005240544837936
2006-09-27,0.0005231420164699
2006-09-28,0.0005247814154687
2006-09-29,0.0005245061643812
2006-10-02,0.0005267791056602
2006-10-03,0.0005252284743864
2006-10-04,0.0005249527542521
2006-10-05,0.0005253132959592
2006-10-06,0.0005250374867866
2006-10-09,0.0005241266620374
2006-10-10,0.0005244870694254
2006-10-11,0.0005235774875642
2006-10-13,0.0005226691903637
2006-10-16,0.0005230301259013
2006-10-17,0.0005227567083943
2006-10-18,0.0005231168900257
2006-10-19,0.0005241093464267
2006-10-20,0.0005061205794321
2006-10-23,0.0005058645509723
2006-10-24,0.0005062407923901
2006-10-25,0.0005059846423238
2006-10-26,0.000506360123067
2006-10-27,0.000506103852258
2006-10-30,0.0005058478407171
2006-10-31,0.0005062225021259
2006-11-01,0.0005078566558835
2006-11-03,0.0005069690931489
2006-11-06,0.0005079711180338
2006-11-07,0.0005089714875303
2006-11-08,0.0005080837508151
2006-11-09,0.000508454230006
2006-11-10,0.0005069394800949
2006-11-13,0.0005073104821773
2006-11-14,0.0005070532487492
2006-11-16,0.0005074234991648
2006-11-17,0.000506539246134
2006-11-20,0.0005062827940294
2006-11-21,0.0005066528720141
2006-11-22,0.000507022258277
2006-11-23,0.0005061396807879
2006-11-24,0.0005071342723967
2006-11-27,0.0005062522148535
2006-11-28,0.0005066207397161
2006-11-29,0.0005063642051079
2006-11-30,0.0005061079301684
2006-12-01,0.0004896347137912
2006-12-04,0.0004900185222014
2006-12-05,0.0004904016495441
2006-12-06,0.0004901612736469
2006-12-07,0.0004899211332802
2006-12-08,0.0004896812280981
2006-12-11,0.0004894415577549
2006-12-12,0.0004892021219062
2006-12-13,0.0004883416204368
2006-12-14,0.0004887242558133
2006-12-15,0.0004884855210904
2006-12-18,0.0004888674096044
2006-12-19,0.0004892486220116
2006-12-20,0.000490248942339
2006-12-21,0.0004906281961298
2006-12-22,0.000490387598147
2006-12-26,0.0004895283632484
2006-12-27,0.000491144552378
2006-12-28,0.0004902851815167
2006-12-29,0.0004912808464121
2007-01-02,0.0004910396080577
2007-01-03,0.0004907986065023
2007-01-04,0.0004905578413971
2007-01-05,0.0004909340637313
2007-01-08,0.0004913096144421
2007-01-09,0.0004910683478416
2007-01-10,0.0004914431616422
2007-01-11,0.000490586222837
2007-01-12,0.0004891151875496
2007-01-15,0.000489491009292
2007-01-16,0.0004904808002581
2007-01-17,0.0004890116742322
2007-01-18,0.0004893866946995
2007-01-19,0.0004897610481622
2007-01-22,0.0004889078644847
2007-01-23,0.0004892820858377
2007-01-24,0.0004890428059536
2007-01-25,0.0004851285437508
2007-01-26,0.0004806076349879
2007-01-29,0.0004797648173284
2007-01-30,0.0004795347534247
2007-01-31,0.0004805276266703
2007-02-01,0.0004821300247848
2007-02-02,0.0004825084576403
2007-02-05,0.0004816652798695
2007-02-06,0.000482653753594
2007-02-07,0.000481201136586
2007-02-08,0.0004815792874577
2007-02-09,0.0004807381798728
2007-02-12,0.0004811161895597
2007-02-13,0.0004808848280837
2007-02-14,0.0004812621114083
2007-02-15,0.0004810306096012
2007-02-16,0.0004814071677392
2007-02-21,0.0004811755263922
2007-02-22,0.0004815513605191
2007-02-23,0.0004807126200416
2007-02-26,0.0004804816464503
2007-02-27,0.0004808572721022
2007-02-28,0.0004800200735666
2007-03-01,0.0004816071503215
2007-03-02,0.0004813753165269
2007-03-05,0.0004817489180319
2007-03-06,0.0004815169477632
2007-03-07,0.0004812852007824
2007-03-08,0.000480449337977
2007-03-09,0.000472365985783
2007-03-12,0.0004733504882634
2007-03-13,0.0004725230558662
2007-03-14,0.000472299883282
2007-03-15,0.0004714740134619
2007-03-16,0.000472457078118
2007-03-19,0.0004728363070822
2007-03-20,0.000472612838573
2007-03-21,0.000472389581192
2007-03-22,0.0004727680206719
2007-03-23,0.0004719434148863
2007-03-26,0.000471720789366
2007-03-27,0.00047089773891
2007-03-28,0.0004712764507659
2007-03-29,0.0004710544538948
2007-03-30,0.000472032239742
2007-04-02,0.0004730085381339
2007-04-03,0.0004733841272503
2007-04-04,0.0004731601407501
2007-04-05,0.0004723377124846
2007-04-09,0.000472713085895
2007-04-10,0.0004730878220853
2007-04-11,0.0004722663103746
2007-04-12,0.000472043380189
2007-04-13,0.0004718206603699
2007-04-16,0.0004721951103032
2007-04-17,0.0004725689252516
2007-04-18,0.0004717493132497
2007-04-19,0.0004709307558916
2007-04-20,0.000462963238812
2007-04-23,0.0004627490030351
2007-04-24,0.0004625349654407
2007-04-25,0.0004617261178712
2007-04-26,0.0004615130252534
2007-04-27,0.0004618945881649
2007-04-30,0.0004610871555736
2007-05-02,0.0004614685628254
2007-05-03,0.0004618493445063
2007-05-04,0.0004616361381586
2007-05-07,0.0004614231285673
2007-05-08,0.0004623959460918
2007-05-09,0.0004627747762266
2007-05-10,0.000461968447555
2007-05-11,0.0004623471250118
2007-05-14,0.0004627251791136
2007-05-15,0.0004625111635527
2007-05-16,0.0004617061727927
2007-05-17,0.0004620839988347
2007-05-18,0.0004624612031669
2007-05-21,0.0004622474316633
2007-05-22,0.0004626239392546
2007-05-23,0.0004618202086152
2007-05-24,0.0004621965655966
2007-05-25,0.0004619830386225
2007-05-28,0.0004623587008252
2007-05-29,0.0004633224636039
2007-05-30,0.000463107895313
2007-05-31,0.0004628935256665
2007-06-01,0.000463267256999
2007-06-04,0.0004636403702074
2007-06-05,0.0004640128654909
2007-06-06,0.0004637976574108
2007-06-08,0.0004635826488643
2007-06-11,0.0004451850509323
2007-06-12,0.0004455732299604
2007-06-13,0.0004453747828798
2007-06-14,0.000445176512487
2007-06-15,0.0004449784185467
2007-06-18,0.0004447805008227
2007-06-19,0.0004451677363952
2007-06-20,0.000444969650263
2007-06-21,0.0004447717403375
2007-06-22,0.0004451582035003
2007-06-25,0.0004449601258502
2007-06-26,0.0004447622243948
2007-06-27,0.0004445644988992
2007-06-28,0.0004449501078551
2007-06-29,0.0004453351146738
2007-07-02,0.0004457195194851
2007-07-03,0.000445520942105
2007-07-04,0.0004453225415865
2007-07-05,0.0004451243176943
2007-07-06,0.0004455078731593
2007-07-09,0.0004453094842782
2007-07-10,0.0004462734424302
2007-07-11,0.0004449127192762
2007-07-12,0.000445295427681
2007-07-13,0.0004456775372139
2007-07-16,0.0004448989464538
2007-07-17,0.0004447010994033
2007-07-18,0.0004450829633482
2007-07-19,0.0004454642299174
2007-07-20,0.0004267372607058
2007-07-23,0.0004271340060595
2007-07-24,0.0004281086910113
2007-07-25,0.0004279254923891
2007-07-26,0.0004277424504903
2007-07-27,0.0004275595651141
2007-07-30,0.00042737683606
2007-07-31,0.0004277715526721
2007-08-01,0.0004275886424147
2007-08-02,0.0004279826845818
2007-08-03,0.0004277995937633
2007-08-06,0.0004287692650812
2007-08-07,0.000428585500791
2007-08-08,0.0004278260849539
2007-08-09,0.0004270675653119
2007-08-10,0.0004274605735219
2007-08-13,0.0004272779290535
2007-08-14,0.000427095440598
2007-08-15,0.0004274876881822
2007-08-16,0.0004267306858418
2007-08-17,0.000427122754161
2007-08-20,0.0004275142428233
2007-08-21,0.0004273315524985
2007-08-22,0.0004271490182452
2007-08-23,0.0004269666398641
2007-08-24,0.0004267844171559
2007-08-27,0.000427747591128
2007-08-28,0.0004269923255857
2007-08-29,0.0004268100809565
2007-08-30,0.0004271998792173
2007-08-31,0.0004270174574112
2007-09-03,0.0004291207880737
2007-09-04,0.0004306501846826
2007-09-05,0.0004281811720174
2007-09-06,0.0004268565836065
2007-09-10,0.0004192589896827
2007-09-11,0.0004196534665883
2007-09-12,0.0004183375471058
2007-09-13,0.0004187323178173
2007-09-14,0.0004179875890715
2007-09-17,0.000418951403345
2007-09-18,0.0004176379784273
2007-09-19,0.0004186011328393
2007-09-20,0.0004178574656916
2007-09-21,0.0004176829337596
2007-09-24,0.0004175085475643
2007-09-25,0.0004167665051459
2007-09-26,0.0004171604484219
2007-09-27,0.0004175538267161
2007-09-28,0.0004179466400664
2007-10-01,0.0004183388885108
2007-10-02,0.0004181639542673
2007-10-03,0.0004185555472486
2007-10-04,0.0004183804317978
2007-10-05,0.0004182054628159
2007-10-08,0.0004180306401186
2007-10-09,0.0004178559635228
2007-10-10,0.0004182466309952
2007-10-11,0.0004180717738839
2007-10-15,0.0004184617886784
2007-10-16,0.0004182867516562
2007-10-17,0.0004186761145277
2007-10-18,0.0004173728634315
2007-10-19,0.0004177625180763
2007-10-22,0.0004181516120815
2007-10-23,0.0004185401454919
2007-10-24,0.000417801967498
2007-10-25,0.0004187531624588
2007-10-26,0.000418577881647
2007-10-29,0.0004178403782271
2007-10-30,0.0004187901293697
2007-10-31,0.0004180529185318
2007-11-01,0.0004173165590424
2007-11-05,0.0004177039085631
2007-11-06,0.0004186518959994
2007-11-07,0.0004179157392114
2007-11-08,0.0004183018849939
2007-11-09,0.0004175664897565
2007-11-12,0.0004179524587482
2007-11-13,0.0004177778474694
2007-11-14,0.0004192827521967
2007-11-16,0.0004179879169596
2007-11-19,0.0004178132760588
2007-11-20,0.000418756957152
2007-11-21,0.0004185816731643
2007-11-22,0.0004189651560644
2007-11-23,0.0004187896977734
2007-11-26,0.0004174980813504
2007-11-27,0.0004184396886139
2007-11-28,0.0004188223563024
2007-11-29,0.0004180895648189
2007-11-30,0.0004179148389857
2007-12-03,0.0004182972461448
2007-12-04,0.000418679100842
2007-12-05,0.0004190604031326
2007-12-06,0.0004194411530737
2007-12-07,0.0004181531864162
2007-12-10,0.0004179784074131
2007-12-11,0.0004178037744571
2007-12-12,0.0004176292873645
2007-12-13,0.0004174549459527
2007-12-14,0.0004172807500402
2007-12-17,0.0004171066994436
2007-12-18,0.000416932793982
2007-12-19,0.0004173132343161
2007-12-20,0.0004176931262889
2007-12-21,0.0004175187315849
2007-12-24,0.0004190050042591
2007-12-26,0.0004188295125975
2007-12-27,0.0004181011240615
2007-12-28,0.0004179263885686
2007-12-31,0.0004188569625576
2008-01-02,0.0004181292444676
2008-01-03,0.0004179544854741
2008-01-04,0.0004172279836354
2008-01-07,0.0004153990009461
2008-01-08,0.000417432234812
2008-01-09,0.0004172580578483
2008-01-10,0.0004176349958291
2008-01-11,0.0004185621289392
2008-01-14,0.0004172859895403
2008-01-15,0.0004171119345739
2008-01-16,0.0004174880749123
2008-01-17,0.0004167640307348
2008-01-18,0.0004165904108361
2008-01-21,0.0004169662982458
2008-01-22,0.0004167925098157
2008-01-23,0.0004171677711548
2008-01-24,0.0004169938147746
2008-01-25,0.000417916898157
2008-01-28,0.0004171940983206
2008-01-29,0.000417568109633
2008-01-30,0.0004168460583673
2008-01-31,0.0004172199028129
2008-02-01,0.000418140511631
2008-02-06,0.0004174186676411
2008-02-07,0.000417791349313
2008-02-08,0.000417070253653
2008-02-11,0.0004174427696346
2008-02-12,0.000417268583881
2008-02-13,0.0004176404786977
2008-02-14,0.0004169204205877
2008-02-15,0.0004167466703903
2008-02-18,0.0004165730649527
2008-02-19,0.0004163996040933
2008-02-20,0.0004162262876321
2008-02-21,0.0004165976875287
2008-02-22,0.0004158798607998
2008-02-25,0.0004162510957199
2008-02-26,0.0004166217955203
2008-02-27,0.000416448294084
2008-02-28,0.0004168183769626
2008-02-29,0.0004171879252343
2008-03-03,0.0004170139520489
2008-03-04,0.0004179256450573
2008-03-05,0.0004172085223386
2008-03-06,0.0004170345319776
2008-03-07,0.0004174027681935
2008-03-10,0.0004172286158141
2008-03-11,0.000417596238059
2008-03-12,0.0004179633275078
2008-03-13,0.000416706352986
2008-03-14,0.0004170737327937
2008-03-17,0.0004179813070974
2008-03-18,0.0004172661714962
2008-03-19,0.0004176324078426
2008-03-20,0.0004174580638263
2008-03-24,0.0004183635130874
2008-03-25,0.0004176489601135
2008-03-26,0.000418013975151
2008-03-27,0.0004173001649792
2008-03-28,0.0004176650207969
2008-03-31,0.0004169519519439
2008-04-01,0.0004200090140396
2008-04-02,0.0004187561864767
2008-04-03,0.0004180428814075
2008-04-04,0.0004194815852962
2008-04-07,0.000418768122876
2008-04-08,0.0004196675223011
2008-04-09,0.0004184172334187
2008-04-10,0.0004177053373399
2008-04-11,0.0004180676045906
2008-04-14,0.0004178928971081
2008-04-15,0.0004182545593769
2008-04-16,0.0004186156952477
2008-04-17,0.0004184405294747
2008-04-18,0.0004364742520355
2008-04-22,0.0004362838253795
2008-04-23,0.0004360935648106
2008-04-24,0.0004348337683455
2008-04-25,0.000434644770122
2008-04-28,0.0004355247084122
2008-04-29,0.0004348009557075
2008-04-30,0.0004346119860005
2008-05-02,0.0004344231804791
2008-05-05,0.0004347679965943
2008-05-06,0.0004345790555291
2008-05-07,0.0004338572844051
2008-05-08,0.000434201896956
2008-05-09,0.0004334809156563
2008-05-12,0.0004343576935605
2008-05-13,0.0004341691088678
2008-05-14,0.0004339806878594
2008-05-15,0.0004337924303221
2008-05-16,0.0004336043360433
2008-05-19,0.0004334164048109
2008-05-20,0.0004326977189663
2008-05-21,0.0004341026360856
2008-05-23,0.0004339142727558
2008-05-26,0.0004331958453496
2008-05-27,0.0004340682637271
2008-05-28,0.0004338799302188
2008-05-29,0.0004331622218998
2008-05-30,0.00043350398252
2008-06-02,0.0004338452177825
2008-06-03,0.0004341859278278
2008-06-04,0.0004334688716489
2008-06-05,0.0004327526662635
2008-06-06,0.0004510511763509
2008-06-09,0.000450847820911
2008-06-10,0.0004511723356954
2008-06-11,0.0004520237689604
2008-06-12,0.0004523467464512
2008-06-13,0.0004526691936743
2008-06-16,0.0004524643769898
2008-06-17,0.0004522597455656
2008-06-18,0.0004525815567753
2008-06-19,0.0004518507998128
2008-06-20,0.000452172504862
2008-06-23,0.0004519681372974
2008-06-24,0.0004528145682318
2008-06-25,0.0004526096200021
2008-06-26,0.0004529296888324
2008-06-27,0.0004522000423869
2008-06-30,0.0004519956499351
2008-07-01,0.0004533638021761
2008-07-02,0.0004557777690463
2008-07-03,0.0004545228426529
2008-07-04,0.0004532695336401
2008-07-07,0.0004541105110364
2008-07-08,0.0004539043882829
2008-07-09,0.0004542211466338
2008-07-10,0.0004550598369725
2008-07-11,0.0004538084134722
2008-07-14,0.0004541245470499
2008-07-15,0.0004528749209555
2008-07-16,0.0004526699181022
2008-07-17,0.0004529863739195
2008-07-18,0.0004533023073087
2008-07-21,0.0004530969174307
2008-07-22,0.0004534122787791
2008-07-23,0.0004521661307275
2008-07-24,0.0004524818630187
2008-07-25,0.0004793098769546
2008-07-28,0.0004795998588738
2008-07-29,0.0004793699531122
2008-07-30,0.0004791402676644
2008-07-31,0.0004794296654888
2008-08-01,0.0004797185374654
2008-08-04,0.0004810436158306
2008-08-05,0.0004802942074031
2008-08-06,0.0004805815036192
2008-08-07,0.0004803506559787
2008-08-08,0.0004806374007295
2008-08-11,0.0004798893772246
2008-08-12,0.0004796591938727
2008-08-13,0.0004794292312342
2008-08-14,0.0004797158677511
2008-08-15,0.0004800019819437
2008-08-18,0.0004797716905813
2008-08-19,0.0004810885285395
2008-08-20,0.0004803418054564
2008-08-21,0.0004801111879815
2008-08-22,0.000480395685398
2008-08-25,0.0004791357235567
2008-08-26,0.0004799350621624
2008-08-27,0.0004797048349929
2008-08-28,0.0004794748285992
2008-08-29,0.0004792450426647
2008-09-01,0.0004790154768719
2008-09-02,0.0004792992993198
2008-09-03,0.000479069681557
2008-09-04,0.0004808909915479
2008-09-05,0.0004791225549376
2008-09-08,0.0004783809213082
2008-09-09,0.0004812238238556
2008-09-10,0.0004804806648748
2008-09-11,0.0004807613623345
2008-09-12,0.000507112871465
2008-09-15,0.0005058339515748
2008-09-16,0.000506088898013
2008-09-17,0.0005058329015974
2008-09-18,0.0005055771640336
2008-09-19,0.0005053216849291
2008-09-22,0.0005081243839566
2008-09-23,0.0005088851137096
2008-09-24,0.0005065897396994
2008-09-25,0.0005058243588522
2008-09-26,0.0005060772502762
2008-09-29,0.0005063296287219
2008-09-30,0.000505565282959
2008-10-01,0.0005053098158589
2008-10-02,0.0005055621993783
2008-10-03,0.0005068287436329
2008-10-06,0.0005075861565382
2008-10-07,0.0005113832181158
2008-10-08,0.0005096021506629
2008-10-09,0.0005088362838243
2008-10-10,0.0005075654066089
2008-10-13,0.0005083194957471
2008-10-14,0.0005100833725966
2008-10-15,0.0005072969410095
2008-10-16,0.0005090597998809
2008-10-17,0.0005082960271642
2008-10-20,0.0005075332873225
2008-10-21,0.0005087885789316
2008-10-22,0.000506513869156
2008-10-23,0.0005042424877441
2008-10-24,0.0005065057797546
2008-10-27,0.0005067525915085
2008-10-28,0.0005075018735822
2008-10-29,0.0005072444460754
2008-10-30,0.0005069872795937
2008-10-31,0.0005052237423017
2008-11-03,0.0005054705770446
2008-11-04,0.0005057169089057
2008-11-05,0.000504458389203
2008-11-06,0.0005047052361037
2008-11-07,0.0005029478051388
2008-11-10,0.0005021942835969
2008-11-11,0.0005024426519764
2008-11-12,0.0005016901405632
2008-11-13,0.0004989388799871
2008-11-14,0.000493693169695
2008-11-17,0.000493449557019
2008-11-18,0.0004952029708185
2008-11-19,0.0004939599672888
2008-11-20,0.0004822459194864
2008-11-21,0.0004805180822344
2008-11-24,0.000487760645538
2008-11-25,0.0004910087141596
2008-11-26,0.0004897722708261
2008-11-27,0.0004905274961555
2008-11-28,0.0004927732392805
2008-12-01,0.000497500569069
2008-12-02,0.0005017239931863
2008-12-03,0.0005019688997744
2008-12-04,0.0005012207952042
2008-12-05,0.0005014657083759
2008-12-08,0.0005017101275544
2008-12-09,0.0005009630283339
2008-12-10,0.0005017027186047
2008-12-11,0.0005009561232729
2008-12-12,0.0005012000599657
2008-12-15,0.0005009489843048
2008-12-16,0.0005011924326863
2008-12-17,0.0005014353896795
2008-12-18,0.0005021716330797
2008-12-19,0.0005024131128836
2008-12-22,0.0005011742572038
2008-12-23,0.0005028953459993
2008-12-24,0.000501656995725
2008-12-26,0.0005033756211541
2008-12-29,0.0005031223616229
2008-12-30,0.000505821623087
2008-12-31,0.0005065494881637
2009-01-02,0.0005067845723176
2009-01-05,0.0005065278718066
2009-01-06,0.0005057803823012
2009-01-07,0.0005065062991813
2009-01-08,0.0005062498804278
2009-01-09,0.0005059937211671
2009-01-12,0.0005067179330613
2009-01-13,0.0005059714922044
2009-01-14,0.0005062051746504
2009-01-15,0.0005059490606178
2009-01-16,0.000507160400603
2009-01-19,0.0005064145022253
2009-01-20,0.0004983410616912
2009-01-21,0.0005010227994672
2009-01-22,0.0005061408008544
2009-01-23,0.0004717363115975
2009-01-26,0.0004710262765372
2009-01-27,0.0004717792657886
2009-01-28,0.0004720439405194
2009-01-29,0.0004713343045676
2009-01-30,0.0004720856256252
2009-02-02,0.0004713764093864
2009-02-03,0.0004721267730887
2009-02-04,0.000471417976674
2009-02-05,0.0004721673843091
2009-02-06,0.0004724300871448
2009-02-09,0.0004717216919665
2009-02-10,0.0004719843570899
2009-02-11,0.0004717616929506
2009-02-12,0.0004720238628901
2009-02-13,0.0004718011614832
2009-02-16,0.0004720628371315
2009-02-17,0.0004718400989558
2009-02-18,0.0004716175708745
2009-02-19,0.0004718787349009
2009-02-20,0.0004716561703839
2009-02-25,0.0004719168421662
2009-02-26,0.0004716942417093
2009-02-27,0.0004714718511518
2009-03-02,0.0004712496701975
2009-03-03,0.0004715098149252
2009-03-04,0.0004717694873566
2009-03-05,0.000471547025858
2009-03-06,0.0004718062089699
2009-03-09,0.0004715837128459
2009-03-10,0.0004718424075218
2009-03-11,0.0004716198772634
2009-03-12,0.0004709170292247
2009-03-13,0.0004188228196957
2009-03-16,0.0004186474805776
2009-03-17,0.0004155928917297
2009-03-18,0.0004149405459754
2009-03-19,0.0004181249493526
2009-03-20,0.0004189087953112
2009-03-23,0.0004192124841957
2009-03-24,0.0004185579195086
2009-03-25,0.0004183828020734
2009-03-26,0.0004186863297717
2009-03-27,0.0004185111048931
2009-03-30,0.0004178579283042
2009-03-31,0.0004152939028738
2009-04-01,0.0004170323063892
2009-04-02,0.0004187684673551
2009-04-03,0.0004190704749578
2009-04-06,0.0004188949284609
2009-04-07,0.0004187195289739
2009-04-08,0.0004190209782208
2009-04-09,0.0004188454731808
2009-04-13,0.0004186701150985
2009-04-14,0.000415162179868
2009-04-15,0.00041498989176
2009-04-16,0.0004190991224131
2009-04-17,0.0004184480427804
2009-04-20,0.0004168470865146
2009-04-22,0.0004166733974226
2009-04-23,0.0004183995102684
2009-04-24,0.0004186992410244
2009-04-27,0.0004189985223539
2009-04-28,0.0004188230361208
2009-04-29,0.0004186476968213
2009-04-30,0.0004137332913123
2009-05-04,0.0003827700423701
2009-05-05,0.0003826235855239
2009-05-06,0.0003829506036323
2009-05-07,0.0003832771903227
2009-05-08,0.0003826573447742
2009-05-11,0.0003829837936388
2009-05-12,0.0003823645347205
2009-05-13,0.0003826908457986
2009-05-14,0.00038254444954
2009-05-15,0.0003828702617443
2009-05-18,0.0003827237282103
2009-05-19,0.0003830490420708
2009-05-20,0.0003829023716839
2009-05-21,0.0003832271877299
2009-05-22,0.0003788396386887
2009-05-25,0.0003777541432845
2009-05-26,0.0003776114989764
2009-05-27,0.0003826462174503
2009-05-28,0.0003824998553276
2009-05-29,0.0003818833054916
2009-06-01,0.0003789168056655
2009-06-02,0.0003783033400661
2009-06-03,0.0003819183953603
2009-06-04,0.0003798942494623
2009-06-05,0.0003816276112507
2009-06-08,0.0003819512547613
2009-06-09,0.0003785220846763
2009-06-10,0.0003746278922891
2009-06-12,0.0003763623802601
2009-06-15,0.0003457670476507
2009-06-16,0.0003423690344772
2009-06-17,0.0003417836612427
2009-06-18,0.0003416668850839
2009-06-19,0.0003420180656656
2009-06-22,0.0003423688463057
2009-06-23,0.0003413165561441
2009-06-24,0.0003412000989013
2009-06-25,0.0003410837211017
2009-06-26,0.000341901579987
2009-06-29,0.0003459869944375
2009-06-30,0.0003463340863687
2009-07-01,0.0003406150294282
2009-07-02,0.0003446969838314
2009-07-03,0.0003459770377558
2009-07-06,0.0003458573790442
2009-07-07,0.0003462037569863
2009-07-08,0.0003465497340791
2009-07-09,0.0003427046286543
2009-07-10,0.0003425872224274
2009-07-13,0.0003466577078528
2009-07-14,0.0003465375779301
2009-07-15,0.00034176763149
2009-07-16,0.0003407212040613
2009-07-17,0.0003466458988907
2009-07-20,0.000346990288917
2009-07-21,0.0003468699284201
2009-07-22,0.0003462854617666
2009-07-23,0.0003419893291904
2009-07-24,0.0003284201737194
2009-07-27,0.0003278486313129
2009-07-28,0.0003282047478434
2009-07-29,0.0003243897533617
2009-07-30,0.0003279906680169
2009-07-31,0.0003278831254114
2009-08-03,0.0003277756533059
2009-08-04,0.0003285938681605
2009-08-05,0.0003275606172206
2009-08-06,0.0003279158611375
2009-08-07,0.0003282707207021
2009-08-10,0.0003281629943996
2009-08-11,0.000328055338777
2009-08-12,0.0003279477537658
2009-08-13,0.0003283019861115
2009-08-14,0.0003281942392907
2009-08-17,0.0003280865631709
2009-08-18,0.0003284402501682
2009-08-19,0.0003278712715595
2009-08-20,0.0003286857869904
2009-08-21,0.0003285777881414
2009-08-24,0.0003280091732003
2009-08-25,0.0003283621544425
2009-08-26,0.0003282543681311
2009-08-27,0.0003281466525588
2009-08-28,0.0003280390076565
2009-08-31,0.0003283913652389
2009-09-01,0.0003278237788564
2009-09-02,0.0003281759758639
2009-09-03,0.0003285277911537
2009-09-04,0.0003279605675647
2009-09-08,0.0003283122226278
2009-09-09,0.000328204469089
2009-09-10,0.0003285556628818
2009-09-11,0.0003284477495135
2009-09-14,0.0003283399070099
2009-09-15,0.0003286905600714
2009-09-16,0.0003281242839465
2009-09-17,0.0003284747775349
2009-09-18,0.0003283669172851
2009-09-21,0.000328259127847
2009-09-22,0.0003281514091515
2009-09-23,0.000328958806488
2009-09-24,0.0003283932559552
2009-09-25,0.0003282854492274
2009-09-28,0.0003277206412355
2009-09-29,0.0003285271201649
2009-09-30,0.0003270489088853
2009-10-01,0.0003273986057477
2009-10-02,0.0003282043978476
2009-10-05,0.0003280967150629
2009-10-06,0.0003279891029157
2009-10-07,0.000328337585761
2009-10-08,0.000328229815576
2009-10-09,0.000327666390953
2009-10-13,0.0003280146367419
2009-10-14,0.0003274516519231
2009-10-15,0.0003277997398545
2009-10-16,0.000328147450622
2009-10-19,0.0003280398051961
2009-10-20,0.0003283870600943
2009-10-21,0.0003278245770221
2009-10-22,0.0003281716746936
2009-10-23,0.0003285183956669
2009-10-26,0.0003279562737081
2009-10-27,0.0003283028377989
2009-10-28,0.0003281950904192
2009-10-29,0.0003276336275532
2009-10-30,0.0003279799564779
2009-11-03,0.0003283259097213
2009-11-04,0.0003286714871819
2009-11-05,0.0003285634977283
2009-11-06,0.0003284555792144
2009-11-09,0.00032834773157
2009-11-10,0.0003286926994907
2009-11-11,0.0003285846960998
2009-11-12,0.0003289292109953
2009-11-13,0.0003283687535873
2009-11-16,0.0003287131130307
2009-11-17,0.0003286050962267
2009-11-18,0.0003280452973621
2009-11-19,0.0003279377189358
2009-11-20,0.0003282817678085
2009-11-23,0.0003286254428318
2009-11-24,0.0003276149630688
2009-11-25,0.0003293121166108
2009-11-26,0.0003292037058415
2009-11-27,0.0003290953664272
2009-11-30,0.000327635096524
2009-12-01,0.0003279783065777
2009-12-02,0.0003274204001375
2009-12-03,0.0003286639046893
2009-12-04,0.0003285559202175
2009-12-07,0.0003279980779042
2009-12-08,0.0003260914054448
2009-12-09,0.0003277836430117
2009-12-10,0.0003285752106858
2009-12-11,0.0003280179448283
2009-12-14,0.0003283595766452
2009-12-15,0.0003282517920257
2009-12-16,0.0003281440781439
2009-12-17,0.0003289339354366
2009-12-18,0.0003283771707884
2009-12-21,0.0003287178300497
2009-12-22,0.000328609810146
2009-12-23,0.0003285018612118
2009-12-24,0.0003274979559377
2009-12-28,0.0003278386030851
2009-12-29,0.0003281788803235
2009-12-30,0.0003280712142796
2009-12-31,0.0003257264863956
2010-01-04,0.0003256204231991
2010-01-05,0.0003277501050766
2010-01-06,0.0003276427201408
2010-01-07,0.0003279822478492
2010-01-08,0.0003283214065556
2010-01-11,0.0003282136469893
2010-01-12,0.0003281059581363
2010-01-13,0.0003279983399266
2010-01-14,0.0003283369022126
2010-01-15,0.0003282291324762
2010-01-18,0.0003276756162975
2010-01-19,0.0003280139512891
2010-01-20,0.0003274608684262
2010-01-21,0.0003282444312018
2010-01-22,0.0003281367221501
2010-01-25,0.0003280290837617
2010-01-26,0.0003283664569659
2010-01-27,0.0003282586678303
2010-01-28,0.0003281509494366
2010-01-29,0.0003280433017158
2010-02-01,0.0003283800819484
2010-02-02,0.0003287164953491
2010-02-03,0.0003281644108137
2010-02-04,0.0003280567542625
2010-02-05,0.0003279491683227
2010-02-08,0.0003282852816843
2010-02-09,0.0003281775458261
2010-02-10,0.0003280698806578
2010-02-11,0.0003279622861098
2010-02-12,0.0003282978090883
2010-02-17,0.0003281900650091
2010-02-18,0.0003280823916276
2010-02-19,0.0003288600109767
2010-02-22,0.0003283094320822
2010-02-23,0.000328644000699
2010-02-24,0.0003285360293037
2010-02-25,0.0003279860990472
2010-02-26,0.0003283204442887
2010-03-01,0.0003282126853541
2010-03-02,0.0003276634022499
2010-03-03,0.0003284389745816
2010-03-04,0.0003278898325469
2010-03-05,0.0003277823560448
2010-03-08,0.0003276749499776
2010-03-09,0.0003288902291387
2010-03-10,0.0003283413692496
2010-03-11,0.0003286741785899
2010-03-12,0.0003281257501197
2010-03-15,0.0003275778261513
2010-03-16,0.0003283508512474
2010-03-17,0.0003278030682367
2010-03-18,0.0003281355085285
2010-03-19,0.0003280278709365
2010-03-22,0.0003279203039372
2010-03-23,0.0003282522348178
2010-03-24,0.0003281445206455
2010-03-25,0.0003280368771414
2010-03-26,0.0003279293042368
2010-03-29,0.0003273829507208
2010-03-30,0.0003259596836566
2010-03-31,0.0003271691622452
2010-04-01,0.0003279389998387
2010-04-05,0.0003265166589236
2010-04-06,0.0003277244836039
2010-04-07,0.0003284930970459
2010-04-08,0.0003283852247666
2010-04-09,0.000328277423311
2010-04-12,0.0003281696926098
2010-04-13,0.0003284994486369
2010-04-14,0.0003279542997869
2010-04-15,0.0003278467810254
2010-04-16,0.0003281763185172
2010-04-19,0.0003285054965695
2010-04-20,0.0003288343151055
2010-04-22,0.000328289663241
2010-04-23,0.0003281819245075
2010-04-26,0.0003280742564668
2010-04-27,0.0003284027849252
2010-04-28,0.0003282949719425
2010-04-29,0.0003281872297249
2010-04-30,0.0003559641421677
2010-05-03,0.0003558374767855
2010-05-04,0.000357017061497
2010-05-05,0.0003568896458046
2010-05-06,0.0003567623210258
2010-05-07,0.0003562001662267
2010-05-10,0.0003565080988205
2010-05-11,0.0003559464350595
2010-05-12,0.0003553853258879
2010-05-13,0.0003556933740709
2010-05-14,0.0003560010489007
2010-05-17,0.000355874357256
2010-05-18,0.0003557477557523
2010-05-19,0.0003556212442925
2010-05-20,0.0003554948227815
2010-05-21,0.0003553684911228
2010-05-24,0.0003556754714757
2010-05-25,0.0003555490114135
2010-05-26,0.0003558555555458
2010-05-27,0.0003557289674167
2010-05-28,0.0003556024693172
2010-05-31,0.0003559085137814
2010-06-01,0.0003553495892081
2010-06-02,0.0003565197963559
2010-06-04,0.0003568247264846
2010-06-07,0.0003562656109112
2010-06-08,0.0003565704142389
2010-06-09,0.0003560117876582
2010-06-10,0.0003558850883715
2010-06-11,0.0003824942679764
2010-06-14,0.0003814859070052
2010-06-15,0.0003822022172899
2010-06-16,0.0003829176515992
2010-06-17,0.0003823405181488
2010-06-18,0.0003826247888354
2010-06-21,0.0003833389120402
2010-06-22,0.0003827619500216
2010-06-23,0.0003830454044224
2010-06-24,0.0003828987368208
2010-06-25,0.0003831817574553
2010-06-28,0.0003830349854365
2010-06-29,0.0003828883258121
2010-06-30,0.0003827417784534
2010-07-01,0.0003825953432312
2010-07-02,0.0003837352835374
2010-07-05,0.0003831594972123
2010-07-06,0.0003834411681289
2010-07-07,0.000383294197354
2010-07-08,0.0003831473392024
2010-07-09,0.0003834285271679
2010-07-12,0.0003832815660818
2010-07-13,0.0003835623233185
2010-07-14,0.0003829878179097
2010-07-15,0.0003832684725149
2010-07-16,0.0003831216340715
2010-07-19,0.0003834018589439
2010-07-20,0.0003832549182958
2010-07-21,0.0003831080902361
2010-07-22,0.0003833878349632
2010-07-23,0.0004011453744867
2010-07-26,0.0004014106473535
2010-07-27,0.0004012495814993
2010-07-28,0.0004010886448482
2010-07-29,0.0004009278372454
2010-07-30,0.0004011926013789
2010-08-02,0.0004006064381962
2010-08-03,0.0004017213227303
2010-08-04,0.0004015600075129
2010-08-05,0.0004009740611408
2010-08-06,0.0004016625262026
2010-08-09,0.0004010768382582
2010-08-10,0.0004013402898983
2010-08-11,0.0004011792804894
2010-08-12,0.0004014423097302
2010-08-13,0.000401281218471
2010-08-16,0.0004015438258824
2010-08-17,0.0004013826531563
2010-08-18,0.0004012216097619
2010-08-19,0.0004010606955442
2010-08-20,0.0004008999103473
2010-08-23,0.0004007392540161
2010-08-24,0.0004010012777955
2010-08-25,0.00040126292225
2010-08-26,0.0004011019748995
2010-08-27,0.0004009411566097
2010-08-30,0.0004012023414017
2010-08-31,0.0004006197376489
2010-09-01,0.000400880841858
2010-09-02,0.0004007202008067
2010-09-03,0.0004009808868585
2010-09-06,0.0004008201656329
2010-09-08,0.0004002387123003
2010-09-09,0.0004004992778812
2010-09-10,0.0004011799906222
2010-09-13,0.0004010191097794
2010-09-14,0.0004004381709599
2010-09-15,0.0004006979031823
2010-09-16,0.0003992778570829
2010-09-17,0.0003999578638305
2010-09-20,0.0004006369918412
2010-09-21,0.0004004765461225
2010-09-22,0.0004007354081589
2010-09-23,0.0004005748836195
2010-09-24,0.000400833331239
2010-09-27,0.0004010914040417
2010-09-28,0.0004009305942267
2010-09-29,0.0004003515731054
2010-09-30,0.0004001913558666
2010-10-01,0.0004000312668117
2010-10-04,0.0004015426592067
2010-10-05,0.0004009638167745
2010-10-06,0.0004016381157077
2010-10-07,0.0004010595316743
2010-10-08,0.0004013159157221
2010-10-11,0.0004015719268279
2010-10-13,0.000401410731547
2010-10-14,0.0004012496656253
2010-10-15,0.0004006722297076
2010-10-18,0.0004013444205424
2010-10-19,0.0004015995731807
2010-10-20,0.0004010223574124
2010-10-21,0.0004012774344857
2010-10-22,0.000401532140237
2010-10-25,0.0004013709768895
2010-10-26,0.0004012099428629
2010-10-27,0.0004014642026368
2010-10-28,0.0004013030938103
2010-10-29,0.0004011421142386
2010-11-01,0.0004013959289828
2010-11-03,0.0004012348749373
2010-11-04,0.0004014882826741
2010-11-05,0.0004013271545242
2010-11-08,0.0004011661556524
2010-11-09,0.000401419120048
2010-11-10,0.0004012580473955
2010-11-11,0.0004010971039549
2010-11-12,0.0004009362895702
2010-11-16,0.0004011887748123
2010-11-17,0.0004014408919588
2010-11-18,0.0004012798018371
2010-11-19,0.000401118840948
2010-11-22,0.0004013705173762
2010-11-23,0.0004016218264557
2010-11-24,0.0004010484139214
2010-11-25,0.0004012996505315
2010-11-26,0.0004015505204095
2010-11-29,0.0004009776609334
2010-11-30,0.0004016399750292
2010-12-01,0.0004010673739713
2010-12-02,0.00040131776966
2010-12-03,0.0004015677996056
2010-12-06,0.0004014066076376
2010-12-07,0.0004012455450244
2010-12-08,0.0004010846116109
2010-12-09,0.0004013341693778
2010-12-10,0.0004015833623891
2010-12-13,0.0004014221579289
2010-12-14,0.0004016709511567
2010-12-15,0.0004010999726318
2010-12-16,0.0004013486954324
2010-12-17,0.0004011876792808
2010-12-20,0.0004014360032851
2010-12-21,0.0004012749170863
2010-12-22,0.0004015228428471
2010-12-23,0.0004009529683395
2010-12-24,0.000401609379111
2010-12-27,0.0004010397629699
2010-12-28,0.000401287221635
2010-12-29,0.0004015343181262
2010-12-30,0.0004013731530307
2010-12-31,0.0004012121172582
2011-01-03,0.0004014587830214
2011-01-04,0.0004012976785439
2011-01-05,0.000401136703316
2011-01-06,0.000401382939271
2011-01-07,0.0004012218956475
2011-01-10,0.0004014677367591
2011-01-11,0.0004013066250967
2011-01-12,0.0004011456426926
2011-01-13,0.0004013910556421
2011-01-14,0.0004012300055069
2011-01-17,0.0004014750249246
2011-01-18,0.0004013139074137
2011-01-19,0.000401558533849
2011-01-20,0.0004009918974499
2011-01-21,0.0004194744775112
2011-01-24,0.0004192985924531
2011-01-25,0.00041912285483
2011-01-26,0.0004189472644564
2011-01-27,0.0004195810420581
2011-01-28,0.0004190006268831
2011-01-31,0.0004192294102571
2011-02-01,0.0004194578325666
2011-02-02,0.0004188780289386
2011-02-03,0.0004195101703963
2011-02-04,0.0004189306613251
2011-02-07,0.0004195620820768
2011-02-08,0.0004189828676737
2011-02-09,0.0004192104815519
2011-02-10,0.0004194377358581
2011-02-11,0.0004192618816036
2011-02-14,0.0004194887551249
2011-02-15,0.000419312858096
2011-02-16,0.0004195393514234
2011-02-17,0.0004197654861901
2011-02-18,0.0004195893570595
2011-02-21,0.0004198151126211
2011-02-22,0.0004200405102166
2011-02-23,0.0004198641502648
2011-02-24,0.0004200891696437
2011-02-25,0.0004199127688375
2011-02-28,0.0004197365161147
2011-03-01,0.0004195604112895
2011-03-02,0.0004201855706111
2011-03-03,0.0004196086988725
2011-03-04,0.000437042471163
2011-03-08,0.0
2011-03-09,0.0004372515956883
2011-03-10,0.0004370604902916
2011-03-11,0.0004368695518708
2011-03-14,0.0004370783033371
2011-03-15,0.0004372866979382
2011-03-16,0.0004370955618633
2011-03-17,0.0004373035924329
2011-03-18,0.0004371124415918
2011-03-21,0.0004373201087519
2011-03-22,0.0004371289434748
2011-03-23,0.0004369379452524
2011-03-24,0.0004375433711383
2011-03-25,0.000437352010665
2011-03-28,0.0004375585980465
2011-03-29,0.0004377648308242
2011-03-30,0.0004375732766328
2011-03-31,0.0004377791487619
2011-04-01,0.0004379846669628
2011-04-04,0.0004377929203764
2011-04-05,0.0004379980789974
2011-04-06,0.0004374097569739
2011-04-07,0.0004368221230188
2011-04-08,0.0004374238272366
2011-04-11,0.000437232571292
2011-04-12,0.0004370414825205
2011-04-13,0.0004364548627324
2011-04-14,0.0004374510290185
2011-04-15,0.0004376551016866
2011-04-18,0.0004378588229343
2011-04-19,0.000438852205953
2011-04-20,0.0004378700327514
2011-04-25,0.0004368890656967
2011-04-26,0.0004453770142067
2011-04-27,0.0004459673667025
2011-04-28,0.0004461627051333
2011-04-29,0.0004455697718532
2011-05-02,0.0004469464695955
2011-05-03,0.0004459595786647
2011-05-04,0.0004465476554871
2011-05-05,0.0004463483396826
2011-05-06,0.0004461492017271
2011-05-09,0.0004463431490844
2011-05-10,0.0004457512833513
2011-05-11,0.0004459452350986
2011-05-12,0.0004457464565903
2011-05-13,0.0004451556475935
2011-05-16,0.0004449575722174
2011-05-17,0.0004451515317758
2011-05-18,0.0004453451444452
2011-05-19,0.0004455384104613
2011-05-20,0.00044573133006
2011-05-23,0.0004463150647957
2011-05-24,0.0004461159565238
2011-05-25,0.0004459170258233
2011-05-26,0.0004461089107326
2011-05-27,0.0004455195222281
2011-05-30,0.0004457114131783
2011-05-31,0.0004455128430196
2011-06-01,0.0004445345645121
2011-06-02,0.000446675657346
2011-06-03,0.0004460866319719
2011-06-06,0.0004458877274173
2011-06-07,0.0004464674962321
2011-06-08,0.0004458791776369
2011-06-09,0.0004456804580008
2011-06-10,0.0004524790135647
2011-06-13,0.0004530514726308
2011-06-14,0.0004520695581253
2011-06-15,0.0004518652835863
2011-06-16,0.0004543773691356
2011-06-17,0.0004545588529603
2011-06-20,0.0004543523230895
2011-06-21,0.000454145980808
2011-06-22,0.0004547144672015
2011-06-24,0.0004545077959314
2011-06-27,0.0004539143436932
2011-06-28,0.0004540951921221
2011-06-29,0.0004538890832717
2011-06-30,0.0004540696036532
2011-07-01,0.0004550223184971
2011-07-04,0.0004552014584979
2011-07-05,0.0004549943444085
2011-07-06,0.0004555588986352
2011-07-07,0.0004549658949082
2011-07-08,0.0004555297730328
2011-07-11,0.0004549371466389
2011-07-12,0.0004551153112803
2011-07-13,0.0004549082755589
2011-07-14,0.0004558554926548
2011-07-15,0.000455263270213
2011-07-18,0.0004554404378069
2011-07-19,0.0004556172692007
2011-07-20,0.0004550257886344
2011-07-21,0.000455202647698
2011-07-22,0.0004642028620216
2011-07-25,0.0004636040169812
2011-07-26,0.0004645390369937
2011-07-27,0.0004639402356096
2011-07-28,0.0004641080222909
2011-07-29,0.0004638927259554
2011-08-01,0.0004640602015772
2011-08-02,0.0004642273444437
2011-08-03,0.0004640119374141
2011-08-04,0.0004637967301948
2011-08-05,0.000463963585541
2011-08-08,0.000464130109105
2011-08-09,0.0004639147922818
2011-08-10,0.0004640810071128
2011-08-11,0.0004638657358351
2011-08-12,0.0004640316425386
2011-08-15,0.0004638164170449
2011-08-16,0.0004639820162244
2011-08-17,0.000464147285347
2011-08-18,0.0004639319525907
2011-08-19,0.0004633367237873
2011-08-22,0.0004642619014603
2011-08-23,0.0004636667189445
2011-08-24,0.0004638313991842
2011-08-25,0.0004639957508156
2011-08-26,0.0004634013431055
2011-08-29,0.000463944781474
2011-08-30,0.0004633507724469
2011-08-31,0.0004635148665577
2011-09-01,0.0004636786332343
2011-09-02,0.0004456818610887
2011-09-05,0.0004454833172546
2011-09-06,0.0004456629510447
2011-09-08,0.0004454644240547
2011-09-09,0.0004456437380446
2011-09-12,0.0004454452281679
2011-09-13,0.0004456242229404
2011-09-14,0.0004458028902509
2011-09-15,0.000445227246852
2011-09-16,0.000445782755706
2011-09-19,0.0004455841219883
2011-09-20,0.0004450091769023
2011-09-21,0.0004451875526614
2011-09-22,0.0004457417556582
2011-09-23,0.0004455431584686
2011-09-26,0.0004453447381673
2011-09-27,0.0004458977966186
2011-09-28,0.0004453235767667
2011-09-29,0.0004455006684387
2011-09-30,0.0004456774353287
2011-10-03,0.0004454788954373
2011-10-04,0.0004460301628834
2011-10-05,0.0004454566605136
2011-10-06,0.0004456327985737
2011-10-07,0.000445434298441
2011-10-10,0.000445610122945
2011-10-11,0.0004457856242363
2011-10-13,0.0004455869879627
2011-10-14,0.0004450148805352
2011-10-17,0.0004451904122717
2011-10-18,0.0004453656216565
2011-10-19,0.0004451673594187
2011-10-20,0.0004453422570871
2011-10-21,0.0004283672311371
2011-10-24,0.0004281838112234
2011-10-25,0.0004280005483174
2011-10-26,0.0004281897811577
2011-10-27,0.0004280065131425
2011-10-28,0.0004281954222895
2011-10-31,0.0004280121494464
2011-11-01,0.0004282007354496
2011-11-03,0.0004283890009917
2011-11-04,0.0004282055624384
2011-11-07,0.000428393505792
2011-11-08,0.0004289521952074
2011-11-09,0.0004283973673033
2011-11-10,0.0004278431736026
2011-11-11,0.0004272896126746
2011-11-14,0.0004274775453898
2011-11-16,0.0004265543406902
2011-11-17,0.0004271126996444
2011-11-18,0.0004273003092472
2011-11-21,0.0004271178016783
2011-11-22,0.0004280443731941
2011-11-23,0.0004274917466751
2011-11-24,0.0004280477256595
2011-11-25,0.0004274954121767
2011-11-28,0.0004273127379419
2011-11-29,0.0004267613681001
2011-11-30,0.0004262106262125
2011-12-01,0.0004271346598216
2011-12-02,0.0004096384388208
2011-12-05,0.0004098389329312
2011-12-06,0.0004104071901867
2011-12-07,0.0004098708980255
2011-12-08,0.0004093351962437
2011-12-09,0.0004088000835245
2011-12-12,0.0004082655585557
2011-12-13,0.0004077316200279
2011-12-14,0.0004082997948586
2011-12-15,0.0004088672066111
2011-12-16,0.0004098007311843
2011-12-19,0.000409999589267
2011-12-20,0.00041019813413
2011-12-21,0.0004107627912668
2011-12-22,0.0004102278595994
2011-12-23,0.0004096935170303
2011-12-26,0.0004098917117334
2011-12-27,0.000408992119768
2011-12-28,0.0004091905888359
2011-12-29,0.0004090232203834
2011-12-30,0.0004092213650088
2012-01-02,0.0004097844249049
2012-01-03,0.0004103467247285
2012-01-04,0.0004098134819512
2012-01-05,0.0004100103815796
2012-01-06,0.0004087484567101
2012-01-09,0.0004093104085487
2012-01-10,0.0004076856208297
2012-01-11,0.0004078836628389
2012-01-12,0.0004080813949467
2012-01-13,0.0004071871627242
2012-01-16,0.0004077489023335
2012-01-17,0.0004079462994324
2012-01-18,0.0004074165068741
2012-01-19,0.0004068872940359
2012-01-20,0.0003896540141081
2012-01-23,0.0003898652460181
2012-01-24,0.0003897133103423
2012-01-25,0.0003902869334402
2012-01-26,0.0003901346689765
2012-01-27,0.0003892576486954
2012-01-30,0.000389106186136
2012-01-31,0.0003893169967472
2012-02-01,0.0003891654880079
2012-02-02,0.0003893759707258
2012-02-03,0.0003888626833623
2012-02-06,0.0003897963043115
2012-02-07,0.0003892829711289
2012-02-08,0.0003891314888668
2012-02-09,0.0003886189544199
2012-02-10,0.0003891900478545
2012-02-13,0.0003890386378881
2012-02-14,0.000388526596756
2012-02-15,0.0003887363112891
2012-02-16,0.0003885852540908
2012-02-17,0.0003884343142441
2012-02-22,0.0003897242466832
2012-02-23,0.0003888523239687
2012-02-24,0.0003887011766128
2012-02-27,0.0003896294526768
2012-02-28,0.0003894777006934
2012-02-29,0.0003882476013128
2012-03-01,0.0003880969236131
2012-03-02,0.0003879463628231
2012-03-05,0.0003874368485119
2012-03-06,0.000388004661799
2012-03-07,0.0003871365885337
2012-03-08,0.0003862694654523
2012-03-09,0.0003613828054922
2012-03-12,0.000360535484791
2012-03-13,0.0003593307777738
2012-03-14,0.000358843578222
2012-03-15,0.0003583568568414
2012-03-16,0.0003582284832084
2012-03-19,0.0003598889138116
2012-03-20,0.0003594018266195
2012-03-21,0.0003596301886306
2012-03-22,0.0003595009012538
2012-03-23,0.0003593717068013
2012-03-26,0.0003610281051988
2012-03-27,0.0003598268975602
2012-03-28,0.000359697468736
2012-03-29,0.0003595681329888
2012-03-30,0.0003594388902181
2012-04-02,0.0003610920307024
2012-04-03,0.0003602490314966
2012-04-04,0.000360119298868
2012-04-05,0.000361413951077
2012-04-09,0.0003609274340088
2012-04-10,0.0003600855808141
2012-04-11,0.0003610230290009
2012-04-12,0.0003598260603669
2012-04-13,0.0003593412006899
2012-04-16,0.0003595674247547
2012-04-17,0.0003590830064232
2012-04-18,0.0003585990635239
2012-04-19,0.0003591803589388
2012-04-20,0.0003317322668703
2012-04-23,0.0003323316094887
2012-04-24,0.0003336394354012
2012-04-25,0.0003317559566322
2012-04-26,0.000332000253695
2012-04-27,0.0003315358611288
2012-04-30,0.0003324882442923
2012-05-02,0.000330961853018
2012-05-03,0.0003333293230018
2012-05-04,0.0003332182515876
2012-05-07,0.0003313391689574
2012-05-08,0.0003315829195911
2012-05-09,0.0003307662433258
2012-05-10,0.0003306568731942
2012-05-11,0.0003305475753665
2012-05-14,0.0003300853173462
2012-05-15,0.000328564733252
2012-05-16,0.0003319848140761
2012-05-17,0.0003322273196662
2012-05-18,0.0003324695471293
2012-05-21,0.0003334163937245
2012-05-22,0.0003318959397005
2012-05-23,0.0003338991068198
2012-05-24,0.0003337876554199
2012-05-25,0.0003340282575938
2012-05-28,0.0003346204433034
2012-05-29,0.0003338050219892
2012-05-30,0.0003343968865574
2012-05-31,0.0003353396297978
2012-06-01,0.0003173062630914
2012-06-04,0.0003179081712587
2012-06-05,0.0003185094739888
2012-06-06,0.0003184080580058
2012-06-08,0.0003172538729363
2012-06-11,0.0003189074210703
2012-06-12,0.0003170521445561
2012-06-13,0.0003180034850658
2012-06-14,0.0003182528897747
2012-06-15,0.0003178012498312
2012-06-18,0.0003173500083366
2012-06-19,0.0003182998237269
2012-06-20,0.0003171483809853
2012-06-21,0.0003187975418643
2012-06-22,0.0003193956041649
2012-06-25,0.0003189439039923
2012-06-26,0.0003191918189002
2012-06-27,0.0003183909757302
2012-06-28,0.0003189884049636
2012-06-29,0.0003185374103329
2012-07-02,0.0003194834633264
2012-07-03,0.0003186833247641
2012-07-04,0.0003185817980575
2012-07-05,0.0003191779928342
2012-07-06,0.0003183787165397
2012-07-09,0.0003179287776788
2012-07-10,0.0003188732170542
2012-07-11,0.0003170296481946
2012-07-12,0.0003165808984351
2012-07-13,0.0002997688541901
2012-07-16,0.0002993309604972
2012-07-17,0.0002999372984904
2012-07-18,0.0002988038107747
2012-07-19,0.0002980190600054
2012-07-20,0.0002993208441335
2012-07-23,0.0002995788172057
2012-07-24,0.0002994890966165
2012-07-25,0.0002987047675016
2012-07-26,0.000299657251827
2012-07-27,0.0002985261140926
2012-07-30,0.0002977429832597
2012-07-31,0.0002990420247712
2012-08-01,0.0002992994381632
2012-08-02,0.0002992098848129
2012-08-03,0.0002987737797239
2012-08-06,0.0002993775441892
2012-08-07,0.0002985951479328
2012-08-08,0.0002988523101663
2012-08-09,0.0002987630241464
2012-08-10,0.0002990198792844
2012-08-13,0.0002985845087575
2012-08-14,0.0002981495015681
2012-08-15,0.0002994437469332
2012-08-16,0.0002990084327292
2012-08-17,0.0002989190534115
2012-08-20,0.0002995206632985
2012-08-21,0.0002997763419825
2012-08-22,0.0002989959811625
2012-08-23,0.0002985614515402
2012-08-24,0.0002984723392054
2012-08-27,0.0002987282318185
2012-08-28,0.0002993287174177
2012-08-29,0.0002988944009874
2012-08-30,0.0002988050898189
2012-08-31,0.0002828670104713
2012-09-03,0.0002824425771852
2012-09-04,0.0002837402055395
2012-09-05,0.0002829712254066
2012-09-06,0.0002828911753438
2012-09-10,0.0002828111705595
2012-09-11,0.0002827312110147
2012-09-12,0.0002823074386464
2012-09-13,0.0002818840026703
2012-09-14,0.0002818045664711
2012-09-17,0.0002813816077436
2012-09-18,0.0002813024544068
2012-09-19,0.0002805365974927
2012-09-20,0.0002808011965289
2012-09-21,0.000281408732113
2012-09-24,0.0002816726483507
2012-09-25,0.0002815933312114
2012-09-26,0.0002825427337311
2012-09-27,0.0002821201310709
2012-09-28,0.0002820405617507
2012-10-01,0.0002816184357981
2012-10-02,0.0002818816542307
2012-10-03,0.0002814598108262
2012-10-04,0.0002820652378556
2012-10-05,0.0002816434838373
2012-10-08,0.000281906302419
2012-10-09,0.0002818268536528
2012-10-10,0.000281405523139
2012-10-11,0.0002809845260247
2012-10-15,0.0002699700982486
2012-10-16,0.000269897234066
2012-10-17,0.0002705075089741
2012-10-18,0.0002707758119688
2012-10-19,0.000271385242446
2012-10-22,0.0002716528849469
2012-10-23,0.0002729438288424
2012-10-24,0.0002728693508369
2012-10-25,0.0002734769007497
2012-10-26,0.0002723794303418
2012-10-29,0.0002719644524056
2012-10-30,0.0002715497929304
2012-10-31,0.0002711354512328
2012-11-01,0.0002717430169196
2012-11-05,0.0002726905054679
2012-11-06,0.0002729565104042
2012-11-07,0.0002728820254787
2012-11-08,0.0002734878993511
2012-11-09,0.0002717127937958
2012-11-12,0.0002719789597076
2012-11-13,0.0002708853634894
2012-11-14,0.0002708120044812
2012-11-16,0.0002707386851952
2012-11-19,0.0002703258003222
2012-11-20,0.0002699132305354
2012-11-21,0.0002688221313928
2012-11-22,0.0002680712241489
2012-11-23,0.0002717310181805
2012-11-26,0.0002730137907573
2012-11-27,0.0002732783295709
2012-11-28,0.0002732036689285
2012-11-29,0.0002724513094944
2012-11-30,0.0002713607675342
2012-12-03,0.0002706097796816
2012-12-04,0.0002712137577496
2012-12-05,0.0002711402207913
2012-12-06,0.0002707283133083
2012-12-07,0.0002703167205269
2012-12-10,0.000269905441774
2012-12-11,0.0002688182041659
2012-12-12,0.0002673937794268
2012-12-13,0.000267660253973
2012-12-14,0.0002665750378323
2012-12-17,0.0002648151225648
2012-12-18,0.0002644073291144
2012-12-19,0.0002636622449505
2012-12-20,0.0002625802253464
2012-12-21,0.0002631861313056
2012-12-24,0.0002634542119277
2012-12-26,0.0002637220625762
2012-12-27,0.0002650011378864
2012-12-28,0.0002645938686354
2012-12-31,0.0002648608503315
2013-01-02,0.0002647907176367
2013-01-03,0.0002657310061269
2013-01-04,0.0002653237067069
2013-01-07,0.0002659265605091
2013-01-08,0.0002655193359661
2013-01-09,0.0002651124170851
2013-01-10,0.0002650421511196
2013-01-11,0.0002653081811763
2013-01-14,0.0002652378114149
2013-01-15,0.0002661757203379
2013-01-16,0.0002661048896774
2013-01-17,0.0002663699983405
2013-01-18,0.0002662990642594
2013-01-21,0.0002655567223786
2013-01-22,0.0002658218543825
2013-01-23,0.0002660867563621
2013-01-24,0.0002660159730347
2013-01-25,0.0002659452273563
2013-01-28,0.0002662097961181
2013-01-29,0.000266138947323
2013-01-30,0.0002667383330463
2013-01-31,0.0002666672026812
2013-02-01,0.0002665961102421
2013-02-04,0.000266859886171
2013-02-05,0.0002671234321143
2013-02-06,0.0002670520962417
2013-02-07,0.0002669807984598
2013-02-08,0.0002665750656321
2013-02-13,0.0002668384062725
2013-02-14,0.0002664329277668
2013-02-15,0.0002663619601699
2013-02-18,0.0002662910303692
2013-02-19,0.0002662201383343
2013-02-20,0.000266149284035
2013-02-21,0.0002664123174633
2013-02-22,0.000266675121948
2013-02-25,0.0002672713695306
2013-02-26,0.0002685342864909
2013-02-27,0.0002677952083665
2013-02-28,0.0002677235132926
2013-03-01,0.0002676518565971
2013-03-04,0.0002679134639511
2013-03-05,0.0002681748420017
2013-03-06,0.0002681029435371
2013-03-07,0.0002680310836147
2013-03-08,0.0002682921308521
2013-03-11,0.0002678873901245
2013-03-12,0.0002684810261763
2013-03-13,0.0002680763625164
2013-03-14,0.0002680045168403
2013-03-15,0.0002682651323806
2013-03-18,0.0002681931855001
2013-03-19,0.0002681212772008
2013-03-20,0.0002680494074513
2013-03-21,0.0002683096426101
2013-03-22,0.0002679056945396
2013-03-25,0.0002681658287038
2013-03-26,0.0002680939350714
2013-03-27,0.0002683537904724
2013-03-28,0.0002679501745324
2013-04-01,0.0002688729944759
2013-04-02,0.0002694636083264
2013-04-03,0.000269391017251
2013-04-04,0.0002686559352256
2013-04-05,0.0002689149546521
2013-04-08,0.0002688426588406
2013-04-09,0.0002691013999231
2013-04-10,0.0002686980948578
2013-04-11,0.000268956735679
2013-04-12,0.0002688844174039
2013-04-15,0.0002688121380087
2013-04-16,0.0002690704508416
2013-04-17,0.0002683371424869
2013-04-18,0.0002685955327903
2013-04-19,0.0002774411601798
2013-04-22,0.0002773642079318
2013-04-23,0.0002776174022867
2013-04-24,0.0002772103399457
2013-04-25,0.0002774634365214
2013-04-26,0.0002773864719178
2013-04-29,0.0002769798121284
2013-04-30,0.0002772327621218
2013-05-02,0.0002768263702164
2013-05-03,0.0002770792225836
2013-05-06,0.0002773318436901
2013-05-07,0.000277254952063
2013-05-08,0.0002775072932077
2013-05-09,0.000277101205456
2013-05-10,0.0002773534492996
2013-05-13,0.0002769476292692
2013-05-14,0.0002765421251587
2013-05-15,0.0002767944052026
2013-05-16,0.0002767178112608
2013-05-17,0.0002766412596968
2013-05-20,0.0002765647504758
2013-05-21,0.0002768166544457
2013-05-22,0.0002767400481915
2013-05-23,0.0002766634843256
2013-05-24,0.0002765869628125
2013-05-27,0.0002768384913089
2013-05-28,0.0002767618729695
2013-05-29,0.0002766852970286
2013-05-31,0.0002766087634507
2013-06-03,0.0002952080299205
2013-06-04,0.0002951209078587
2013-06-05,0.0002950338372047
2013-06-06,0.0002949468179134
2013-06-07,0.0002951871083738
2013-06-10,0.0002954271605197
2013-06-11,0.0002950128438519
2013-06-12,0.0002952528057189
2013-06-13,0.0002948387849635
2013-06-14,0.000295405432519
2013-06-17,0.0002949915145022
2013-06-18,0.0002952311032498
2013-06-19,0.0002951439675706
2013-06-20,0.0002950568833115
2013-06-21,0.000295296144509
2013-06-24,0.0002948827726809
2013-06-25,0.0002954480456569
2013-06-26,0.000295034776613
2013-06-27,0.0002949477567675
2013-06-28,0.000295186601265
2013-07-01,0.0002950994918491
2013-07-02,0.0002953380546175
2013-07-03,0.0002949253311563
2013-07-04,0.0002951638045214
2013-07-05,0.000295402041202
2013-07-08,0.000294989568037
2013-07-09,0.0002952277155097
2013-07-10,0.0002951405818301
2013-07-11,0.0002950534995684
2013-07-12,0.0003134830862068
2013-07-15,0.0003137095964935
2013-07-16,0.0003132865643566
2013-07-17,0.0003135129942373
2013-07-18,0.0003137391805405
2013-07-19,0.0003133164350039
2013-07-22,0.0003135425411082
2013-07-23,0.0003137684039107
2013-07-24,0.0003133459449404
2013-07-25,0.0003135717277511
2013-07-26,0.0003134734313454
2013-07-29,0.0003136989312546
2013-07-30,0.0003132769219118
2013-07-31,0.0003138258738755
2013-08-01,0.0003134039877665
2013-08-02,0.0003139524544713
2013-08-05,0.0003138539192628
2013-08-06,0.0003134323197837
2013-08-07,0.0003136571356028
2013-08-08,0.0003135587856524
2013-08-09,0.0003134604973593
2013-08-12,0.0003133622706663
2013-08-13,0.0003135867256027
2013-08-14,0.0003134884197959
2013-08-15,0.0003137125934808
2013-08-16,0.000313291891993
2013-08-19,0.0003138382025513
2013-08-20,0.0003134176243135
2013-08-21,0.0003136414382811
2013-08-22,0.0003135430981728
2013-08-23,0.0003134448197128
2013-08-26,0.0003133466028435
2013-08-27,0.0003135700578222
2013-08-28,0.0003137932719636
2013-08-29,0.0003133734279903
2013-08-30,0.0003319111172233
2013-09-02,0.0003318009887862
2013-09-03,0.0003316909334065
2013-09-04,0.0003319019393472
2013-09-05,0.0003317918169998
2013-09-06,0.0003316817677034
2013-09-09,0.0003318924604294
2013-09-10,0.0003317823443707
2013-09-11,0.0003319927576868
2013-09-12,0.0003318825750757
2013-09-13,0.0003317724655753
2013-09-16,0.0003316624291134
2013-09-17,0.0003318724969549
2013-09-18,0.0003317623941407
2013-09-19,0.0003319721834176
2013-09-20,0.0003312225886131
2013-09-23,0.0003311129165359
2013-09-24,0.0003313228183334
2013-09-25,0.0003308936844341
2013-09-26,0.0003352542871839
2013-09-27,0.000331630918726
2013-09-30,0.0003315209761203
2013-10-01,0.0003314111063867
2013-10-02,0.000331620175006
2013-10-03,0.0003311914796766
2013-10-04,0.0003307631738862
2013-10-07,0.0003360691378631
2013-10-08,0.0003350009075595
2013-10-09,0.0003352070548192
2013-10-10,0.0003363676431511
2013-10-11,0.0003553418343908
2013-10-14,0.0003536255684006
2013-10-15,0.0003547721463175
2013-10-16,0.0003546463276786
2013-10-17,0.0003548382690372
2013-10-18,0.0003547124035019
2013-10-21,0.0003536342907171
2013-10-22,0.0003547786108482
2013-10-23,0.0003549700083651
2013-10-24,0.0003535756166643
2013-10-25,0.0003537676412288
2013-10-28,0.0003536425339438
2013-10-29,0.0003535175151139
2013-10-30,0.0003537092446677
2013-10-31,0.0003535841786748
2013-11-01,0.0003537756372629
2013-11-04,0.0003536505243233
2013-11-05,0.0003522606501136
2013-11-06,0.000352136606244
2013-11-07,0.0003523286395152
2013-11-08,0.0003522045477661
2013-11-11,0.0003520805433976
2013-11-12,0.0003522722824844
2013-11-13,0.0003521482304236
2013-11-14,0.0003523396996312
2013-11-18,0.0003522156000923
2013-11-19,0.0003520915879424
2013-11-20,0.0003522827639514
2013-11-21,0.0003521587045094
2013-11-22,0.0003523496114234
2013-11-25,0.0003522255049037
2013-11-26,0.0003521014857801
2013-11-27,0.0003522921004788
2013-11-28,0.000352168034462
2013-11-29,0.0003699605836389
2013-12-02,0.0003701379722282
2013-12-03,0.0003700010208007
2013-12-04,0.0003698641706799
2013-12-05,0.0003700412820439
2013-12-06,0.0003699044021447
2013-12-09,0.000369767623473
2013-12-10,0.0003727660684436
2013-12-11,0.0003701200022439
2013-12-12,0.0003699830641112
2013-12-13,0.0003698462272709
2013-12-16,0.000370022539444
2013-12-17,0.000372702061784
2013-12-18,0.0003700606830701
2013-12-19,0.0003699237888201
2013-12-20,0.0003700995799182
2013-12-23,0.0003699626568942
2013-12-24,0.0003701381880469
2013-12-26,0.0003696889991295
2013-12-27,0.0003701766235646
2013-12-30,0.0003700396435388
2013-12-31,0.0003699027648516
2014-01-02,0.0003697659873904
2014-01-03,0.0003702526319728
2014-01-06,0.0003698040505848
2014-01-07,0.0003699787760493
2014-01-08,0.000370153257146
2014-01-09,0.0003700162944098
2014-01-10,0.0003698794329924
2014-01-13,0.0003700536422297
2014-01-14,0.0003699167531876
2014-01-15,0.0003700907048502
2014-01-16,0.0003699537883921
2014-01-17,0.0003878265319303
2014-01-20,0.0003904696841261
2014-01-21,0.0003909378132738
2014-01-22,0.0003910951874823
2014-01-23,0.0003878420357521
2014-01-24,0.0003880015780384
2014-01-27,0.0003881608764195
2014-01-28,0.0003880102660145
2014-01-29,0.0003878597724411
2014-01-30,0.0003880188204599
2014-01-31,0.0003881776251324
2014-02-03,0.0003880270017322
2014-02-04,0.0003878764951787
2014-02-05,0.0003886529406476
2014-02-06,0.0003888107733012
2014-02-07,0.0003889683632889
2014-02-10,0.000388817125728
2014-02-11,0.0003886660057288
2014-02-12,0.0003885150031543
2014-02-13,0.0003886723433583
2014-02-14,0.0003888294415983
2014-02-17,0.0003889862980115
2014-02-18,0.0003885271802777
2014-02-19,0.0003886840321951
2014-02-20,0.000388840642707
2014-02-21,0.00038868950443
2014-02-24,0.0003888458716403
2014-02-25,0.0003886947292994
2014-02-26,0.0003888508535827
2014-02-27,0.0003908489158623
2014-02-28,0.0003992896878912
2014-03-05,0.0003997438939351
2014-03-06,0.0003980508388814
2014-03-07,0.000397892457455
2014-03-10,0.0003983470436212
2014-03-11,0.0003978821276495
2014-03-12,0.0003980300573929
2014-03-13,0.0003981777476484
2014-03-14,0.0003980192652335
2014-03-17,0.0003981667205406
2014-03-18,0.0003983139367997
2014-03-19,0.0003981553459766
2014-03-20,0.0003995241142429
2014-03-21,0.0003993645584716
2014-03-24,0.0003995103327898
2014-03-25,0.0003993507880237
2014-03-26,0.0003994963296656
2014-03-27,0.0003996416333302
2014-03-28,0.00039826312181
2014-03-31,0.0003981045714405
2014-04-01,0.00039794614726
2014-04-02,0.0003980922009538
2014-04-03,0.0003979337866166
2014-04-04,0.0004072028992603
2014-04-07,0.0004070371525517
2014-04-08,0.0004071754029595
2014-04-09,0.0004070096786292
2014-04-10,0.0004071477041394
2014-04-11,0.0004069820023515
2014-04-14,0.000406816435384
2014-04-15,0.0004072574922642
2014-04-16,0.0004070917011189
2014-04-17,0.0004069260449031
2014-04-22,0.0004070633980042
2014-04-23,0.0004068977648172
2014-04-24,0.0004070348945415
2014-04-25,0.0004071717895897
2014-04-28,0.0004070060682004
2014-04-29,0.0004071427405571
2014-04-30,0.0004069770428085
2014-05-02,0.0004071134928524
2014-05-05,0.0004069478189046
2014-05-06,0.0004070840470129
2014-05-07,0.0004072200415001
2014-05-08,0.0004070542808392
2014-05-09,0.0004068886550703
2014-05-12,0.000407024440447
2014-05-13,0.0004071599927963
2014-05-14,0.0004069942810078
2014-05-15,0.0004071296128567
2014-05-16,0.0004069639257913
2014-05-19,0.0004070990375144
2014-05-20,0.0004069333753289
2014-05-21,0.0004070682673011
2014-05-22,0.0004072029272965
2014-05-23,0.0004070371805651
2014-05-26,0.0004068715687091
2014-05-27,0.0004073059530553
2014-05-28,0.0004068403138277
2014-05-29,0.0004069745488066
2014-05-30,0.0004071085526946
2014-06-02,0.0004072423256529
2014-06-03,0.0004070765468535
2014-06-04,0.000406910902968
2014-06-05,0.0004070444713282
2014-06-06,0.0004071778093475
2014-06-09,0.000407012083059
2014-06-10,0.0004083400543657
2014-06-11,0.0004072776089578
2014-06-12,0.0004068133323744
2014-06-13,0.0004072445979674
2014-06-16,0.0004067805910783
2014-06-17,0.000407211397865
2014-06-18,0.0004070456442391
2014-06-20,0.0004071778878875
2014-06-23,0.0004070121615353
2014-06-24,0.0004068465700333
2014-06-25,0.0004072761111884
2014-06-26,0.000406812927016
2014-06-27,0.0004072420114427
2014-06-30,0.0004070762328987
2014-07-01,0.000406910589269
2014-07-02,0.0004070419746078
2014-07-03,0.0004071731322712
2014-07-04,0.0004070074097894
2014-07-07,0.0004071383540935
2014-07-08,0.0004069726599145
2014-07-09,0.0004071033912247
2014-07-10,0.0004069377254964
2014-07-11,0.000407068244177
2014-07-14,0.0004071985362159
2014-07-15,0.0004070327930583
2014-07-16,0.0004068671847718
2014-07-17,0.0004069972792954
2014-07-18,0.0004071271477583
2014-07-21,0.0004072567903203
2014-07-22,0.0004067957923499
2014-07-23,0.0004072205515359
2014-07-24,0.0004070547904595
2014-07-25,0.0004068891642763
2014-07-28,0.0004073131274189
2014-07-29,0.0004068526836809
2014-07-30,0.0004069817093821
2014-07-31,0.0004071105103393
2014-08-01,0.0004069448388184
2014-08-04,0.0004070734302819
2014-08-05,0.0004074958059685
2014-08-06,0.0004073298207749
2014-08-07,0.0004074577398462
2014-08-08,0.0004072917856559
2014-08-11,0.000407713026387
2014-08-12,0.0004072534539523
2014-08-13,0.00040738095692
2014-08-14,0.0004075082366503
2014-08-15,0.0004073422413317
2014-08-18,0.0004077622464886
2014-08-19,0.0004073032309599
2014-08-20,0.0004074300966152
2014-08-21,0.0004087270390928
2014-08-22,0.0004076826836634
2014-08-25,0.0004072242101078
2014-08-26,0.0004088117487646
2014-08-27,0.0004083525923086
2014-08-28,0.0004073099731087
2014-08-29,0.0004086034372305
2014-09-01,0.0004072695870851
2014-09-02,0.0004076870293407
2014-09-03,0.0004072293855792
2014-09-04,0.0004073550014336
2014-09-05,0.0004074803963773
2014-09-08,0.0004073144237344
2014-09-09,0.0004074396145388
2014-09-10,0.0004075645848775
2014-09-11,0.0004082709174144
2014-09-12,0.0004075229551401
2014-09-15,0.0004073569478331
2014-09-16,0.000407481511579
2014-09-17,0.0004073155380279
2014-09-18,0.0004074398989875
2014-09-19,0.0004075640404943
2014-09-22,0.0004073979997192
2014-09-23,0.0004072320941785
2014-09-24,0.000408514958311
2014-09-25,0.0004086377505982
2014-09-26,0.0004084708339955
2014-09-29,0.0004074359373544
2014-09-30,0.0004072700009198
2014-10-01,0.0004073933360972
2014-10-02,0.0004075164531156
2014-10-03,0.0004073504511044
2014-10-06,0.0004074733676733
2014-10-07,0.0004073074007553
2014-10-08,0.0004085843101893
2014-10-09,0.0004084174372325
2014-10-10,0.0004085390131691
2014-10-13,0.000408372177203
2014-10-14,0.0004073412456633
2014-10-15,0.0004086151861444
2014-10-16,0.0004072969185902
2014-10-17,0.0004085697211282
2014-10-20,0.0004084028600854
2014-10-21,0.0004085236255162
2014-10-22,0.0004086441749526
2014-10-23,0.0004084772531023
2014-10-24,0.0004083104675642
2014-10-27,0.0004087178601095
2014-10-28,0.0004085508780689
2014-10-29,0.0004083840324138
2014-10-30,0.0004085039924455
2014-10-31,0.0004175068622138
2014-11-03,0.0004161868916883
2014-11-04,0.0004163000658807
2014-11-05,0.0004164130267731
2014-11-06,0.0004173840007186
2014-11-07,0.0004174958200375
2014-11-10,0.000417321590018
2014-11-11,0.0004177189402967
2014-11-12,0.000417258925871
2014-11-13,0.0004173703725274
2014-11-14,0.0004174816071242
2014-11-17,0.0004175926298324
2014-11-18,0.0004174183190188
2014-11-19,0.0004172441536656
2014-11-20,0.0004173550175616
2014-11-21,0.0004174656701405
2014-11-24,0.0004175761115721
2014-11-25,0.0004174018145455
2014-11-26,0.00041751207173
2014-11-27,0.0004173378281489
2014-11-28,0.000417447901422
2014-12-01,0.0004164215526842
2014-12-02,0.000416248217955
2014-12-03,0.0004163588439927
2014-12-04,0.0004176040534829
2014-12-05,0.0004350116920024
2014-12-08,0.0004353894524637
2014-12-09,0.0004351999709866
2014-12-10,0.000434727444301
2014-12-11,0.0004345385384727
2014-12-12,0.0004351986888577
2014-12-15,0.000435292214294
2014-12-16,0.0004351028174249
2014-12-17,0.0004351961802209
2014-12-18,0.0004352893388857
2014-12-19,0.0004353822936062
2014-12-22,0.0004351928183587
2014-12-23,0.0004352856113987
2014-12-24,0.0004345322588741
2014-12-26,0.0004346253808256
2014-12-29,0.0004344365636688
2014-12-30,0.0004353743642224
2014-12-31,0.0004346219141211
2015-01-02,0.0004344330999754
2015-01-05,0.0004345256962183
2015-01-06,0.0004346180898955
2015-01-07,0.0004344292790721
2015-01-08,0.0004348023924243
2015-01-09,0.0004343326634446
2015-01-12,0.0004347053727506
2015-01-13,0.0004345164860997
2015-01-14,0.0004346081558848
2015-01-15,0.0004344193536904
2015-01-16,0.0004345108643124
2015-01-19,0.000434602173795
2015-01-20,0.000434413376797
2015-01-21,0.0004347843117284
2015-01-22,0.0004343156940942
2015-01-23,0.0004531359326731
2015-01-26,0.0004526512791309
2015-01-27,0.0004527257666036
2015-01-28,0.0004525208987327
2015-01-29,0.0004525952514888
2015-01-30,0.00045266941076
2015-02-02,0.0004527433767465
2015-02-03,0.0004525384929408
2015-02-04,0.0004531693864722
2015-02-05,0.000452964117001
2015-02-06,0.0004530373118525
2015-02-09,0.0004531103144207
2015-02-10,0.0004529050984494
2015-02-11,0.0004529779688746
2015-02-12,0.0004530506475068
2015-02-13,0.0004531231345459
2015-02-18,0.0004529179069643
2015-02-19,0.0004529902627896
2015-02-20,0.0004530624275107
2015-02-23,0.0004528572549036
2015-02-24,0.0004529292890116
2015-02-25,0.0004532780280606
2015-02-26,0.0004527958900746
2015-02-27,0.0004531442484292
2015-03-02,0.0004529390017258
2015-03-03,0.0004530103352136
2015-03-04,0.0004530814789684
2015-03-05,0.0004528762891096
2015-03-06,0.0004711645631254
2015-03-09,0.0004709426716271
2015-03-10,0.0004709967482472
2015-03-11,0.000471050644146
2015-03-12,0.0004711043595335
2015-03-13,0.0004708825247232
2015-03-16,0.0004712113793143
2015-03-17,0.0004709894437289
2015-03-18,0.000471042698247
2015-03-19,0.0004710957731659
2015-03-20,0.0004708739464402
2015-03-23,0.000471201514435
2015-03-24,0.0004712540517692
2015-03-25,0.0004713064103434
2015-03-26,0.0004713585903663
2015-03-27,0.0004714105920478
2015-03-30,0.0004714624155972
2015-03-31,0.0004709664258439
2015-04-01,0.0004710184096765
2015-04-02,0.000471070215724
2015-04-06,0.0004711218441943
2015-04-07,0.0004708999929217
2015-04-08,0.0004712246979654
2015-04-09,0.0004710027498371
2015-04-10,0.0004710539272141
2015-04-13,0.0004708321398856
2015-04-14,0.0004711558806145
2015-04-15,0.0004709339972921
2015-04-16,0.0004709847258208
2015-04-17,0.0004713075530915
2015-04-20,0.0004708133804618
2015-04-22,0.000471135856322
2015-04-23,0.0004709139918555
2015-04-24,0.0004709640985671
2015-04-27,0.0004712856645765
2015-04-28,0.0004713351654588
2015-04-29,0.0004716558703246
2015-04-30,0.0004717047665236
2015-05-04,0.0004891053411983
2015-05-05,0.0004888662341122
2015-05-06,0.0004897107916495
2015-05-07,0.0004894710923735
2015-05-08,0.0004897728130628
2015-05-11,0.0004898035133327
2015-05-12,0.0004895637233011
2015-05-13,0.0004895943635043
2015-05-14,0.0004898949048497
2015-05-15,0.0004893850942424
2015-05-18,0.0004899551108308
2015-05-19,0.000489445505434
2015-05-20,0.000489745135769
2015-05-21,0.0004897748059622
2015-05-22,0.0004895350440312
2015-05-25,0.0004898337956251
2015-05-26,0.0004895939759497
2015-05-27,0.0004896232670268
2015-05-28,0.000489652397859
2015-05-29,0.0004896813686579
2015-06-01,0.0004897101796357
2015-06-02,0.0004894704809583
2015-06-03,0.0004897674543355
2015-06-04,0.0
2015-06-05,0.0004897957870593
2015-06-08,0.0005075090709878
2015-06-09,0.0005075194564747
2015-06-10,0.0005075296955732
2015-06-11,0.0005075397884974
2015-06-12,0.0005075497354616
2015-06-15,0.0005075595366803
2015-06-16,0.0005075691923666
2015-06-17,0.0005073116965783
2015-06-18,0.0005075882034581
2015-06-19,0.0005075974237629
2015-06-22,0.0005073398993371
2015-06-23,0.0005076155658114
2015-06-24,0.0005076243526525
2015-06-25,0.0005076329954525
2015-06-26,0.0005073754349407
2015-06-29,0.0005076499847758
2015-06-30,0.000507392407028
2015-07-01,0.000507666400215
2015-07-02,0.000507408805813
2015-07-03,0.0005076822434619
2015-07-06,0.0005074246329856
2015-07-07,0.0005074324000093
2015-07-08,0.0005077050064323
2015-07-09,0.0005074473728607
2015-07-10,0.0005074547135714
2015-07-13,0.0005074619125757
2015-07-14,0.0005077334145706
2015-07-15,0.0005074757521743
2015-07-16,0.0005074825273843
2015-07-17,0.0005074891617267
2015-07-20,0.0005074956554096
2015-07-21,0.0005075020086422
2015-07-22,0.0005077718622679
2015-07-23,0.0005075141608572
2015-07-24,0.0005072567208881
2015-07-27,0.0005077892608758
2015-07-28,0.0005075315418094
2015-07-29,0.0005075370567795
2015-07-30,0.0005072795935874
2015-07-31,0.0005246236869302
2015-08-03,0.0005248737375393
2015-08-04,0.0005243359592121
2015-08-05,0.0005245857608537
2015-08-06,0.0005248350256337
2015-08-07,0.0005245597183203
2015-08-10,0.0005245465801553
2015-08-11,0.0005245333184664
2015-08-12,0.0005247815394096
2015-08-13,0.0005245062881924
2015-08-14,0.0005247539889012
2015-08-17,0.0005244787665763
2015-08-18,0.0005247259481679
2015-08-19,0.0005244507552484
2015-08-20,0.0005246974188382
2015-08-21,0.0005246829030784
2015-08-24,0.0005246682658541
2015-08-25,0.0005246535073673
2015-08-26,0.0005243783904054
2015-08-27,0.0005246237638698
2015-08-28,0.0005246086427324
2015-08-31,0.0005245934011397
2015-09-01,0.0005245780392935
2015-09-02,0.0005245625573941
2015-09-03,0.0005248063755023
2015-09-04,0.0005245310982378
2015-09-08,0.0005245152574595
2015-09-09,0.0005247583094287
2015-09-10,0.000524483082573
2015-09-11,0.0005247256251621
2015-09-14,0.0005244504325809
2015-09-15,0.0005246924668893
2015-09-16,0.0005246756427277
2015-09-17,0.0005246587007363
2015-09-18,0.0005246416411142
2015-09-21,0.000524624464059
2015-09-22,0.0005246071697686
2015-09-23,0.0005245897584413
2015-09-24,0.000524572230274
2015-09-25,0.0005245545854641
2015-09-28,0.0005245368242086
2015-09-29,0.0005247760638349
2015-09-30,0.00052450081836
2015-10-01,0.0005247395565783
2015-10-02,0.0005244643493882
2015-10-05,0.000524702587284
2015-10-06,0.000524683862586
2015-10-07,0.000524665023041
2015-10-08,0.0005243898940052
2015-10-09,0.000524627134514
2015-10-13,0.000524607951521
2015-10-14,0.0005245886544595
2015-10-15,0.0005245692435236
2015-10-16,0.0005248052229105
2015-10-19,0.0005245299468548
2015-10-20,0.0005245101955337
2015-10-21,0.0005247454334136
2015-10-22,0.0005244702200608
2015-10-23,0.0005249597998016
2015-10-26,0.0005249390627508
2015-10-27,0.0005251727813357
2015-10-28,0.0005248971196556
2015-10-29,0.0005248760476224
2015-10-30,0.0005248548642864
2015-11-03,0.0005250876035123
2015-11-04,0.0005250659315743
2015-11-05,0.0005250441491329
2015-11-06,0.0005247686224378
2015-11-09,0.0005250003865888
2015-11-10,0.0005249782737031
2015-11-11,0.0005249560510744
2015-11-12,0.0005249337188921
2015-11-13,0.0005249112773455
2015-11-16,0.0005251415631974
2015-11-17,0.0005248659342802
2015-11-18,0.0005248431658499
2015-11-19,0.0005250727276215
2015-11-20,0.0005250494772717
2015-11-23,0.0005247739449862
2015-11-24,0.0005250027850602
2015-11-25,0.0005249792111758
2015-11-26,0.0005249555298463
2015-11-27,0.0005249317412585
2015-11-30,0.0005249078455991
2015-12-01,0.0005251352242054
2015-12-02,0.0005248596019409
2015-12-03,0.0005248353862601
2015-12-04,0.0005250620499355
2015-12-07,0.0005250373584273
2015-12-08,0.0005250125611888
2015-12-09,0.0005247370676368
2015-12-10,0.000525213241084
2015-12-11,0.000524687209072
2015-12-14,0.0005251626465494
2015-12-15,0.0005248869955059
2015-12-16,0.0005251115018412
2015-12-17,0.0005248359044713
2015-12-18,0.0005250599399737
2015-12-21,0.0005247843967102
2015-12-22,0.0005250079624128
2015-12-23,0.000524981752771
2015-12-24,0.00052531
2015-12-28,0.00052531
2015-12-29,0.00052531
2015-12-30,0.00052531
2015-12-31,0.00052531
2016-01-04,0.00052531
2016-01-05,0.00052531
2016-01-06,0.00052531
2016-01-07,0.00052531
2016-01-08,0.00052531
2016-01-11,0.00052531
2016-01-12,0.00052531
2016-01-13,0.00052531
2016-01-14,0.00052531
2016-01-15,0.00052531
2016-01-18,0.00052531
2016-01-19,0.00052531
2016-01-20,0.00052531
2016-01-21,0.00052531
2016-01-22,0.00052531
2016-01-25,0.00052531
2016-01-26,0.00052531
2016-01-27,0.00052531
2016-01-28,0.00052531
2016-01-29,0.00052531
2016-02-01,0.00052531
2016-02-02,0.00052531
2016-02-03,0.00052531
2016-02-04,0.00052531
2016-02-05,0.00052531
2016-02-10,0.00052531
2016-02-11,0.00052531
2016-02-12,0.00052531
2016-02-15,0.00052531
2016-02-16,0.00052531
2016-02-17,0.00052531
2016-02-18,0.00052531
2016-02-19,0.00052531
2016-02-22,0.00052531
2016-02-23,0.00052531
2016-02-24,0.00052531
2016-02-25,0.00052531
2016-02-26,0.00052531
2016-02-29,0.00052531
2016-03-01,0.00052531
2016-03-02,0.00052531
2016-03-03,0.00052531
2016-03-04,0.00052531
2016-03-07,0.00052531
2016-03-08,0.00052531
2016-03-09,0.00052531
2016-03-10,0.00052531
2016-03-11,0.00052531
2016-03-14,0.00052531
2016-03-15,0.00052531
2016-03-16,0.00052531
2016-03-17,0.00052531
2016-03-18,0.00052531
2016-03-21,0.00052531
2016-03-22,0.00052531
2016-03-23,0.00052531
2016-03-24,0.00052531
2016-03-28,0.00052531
2016-03-29,0.00052531
2016-03-30,0.00052531
2016-03-31,0.00052531
2016-04-01,0.00052531
2016-04-04,0.00052531
2016-04-05,0.00052531
2016-04-06,0.00052531
2016-04-07,0.00052531
2016-04-08,0.00052531
2016-04-11,0.00052531
2016-04-12,0.00052531
2016-04-13,0.00052531
2016-04-14,0.00052531
2016-04-15,0.00052531
2016-04-18,0.00052531
2016-04-19,0.00052531
2016-04-20,0.00052531
2016-04-22,0.00052531
2016-04-25,0.00052531
2016-04-26,0.00052531
2016-04-27,0.00052531
2016-04-28,0.00052531
2016-04-29,0.00052531
2016-05-02,0.00052531
2016-05-03,0.00052531
2016-05-04,0.00052531
2016-05-05,0.00052531
2016-05-06,0.00052531
2016-05-09,0.00052531
2016-05-10,0.00052531
2016-05-11,0.00052531
2016-05-12,0.00052531
2016-05-13,0.00052531
2016-05-16,0.00052531
2016-05-17,0.00052531
2016-05-18,0.00052531
2016-05-19,0.00052531
2016-05-20,0.00052531
2016-05-23,0.00052531
2016-05-24,0.00052531
2016-05-25,0.00052531
2016-05-27,0.00052531
2016-05-30,0.00052531
2016-05-31,0.00052531
2016-06-01,0.00052531
2016-06-02,0.00052531
2016-06-03,0.00052531
2016-06-06,0.00052531
2016-06-07,0.00052531
2016-06-08,0.00052531
2016-06-09,0.00052531
2016-06-10,0.00052531
2016-06-13,0.00052531
2016-06-14,0.00052531
2016-06-15,0.00052531
2016-06-16,0.00052531
2016-06-17,0.00052531
2016-06-20,0.00052531
2016-06-21,0.00052531
2016-06-22,0.00052531
2016-06-23,0.00052531
2016-06-24,0.00052531
2016-06-27,0.00052531
2016-06-28,0.00052531
2016-06-29,0.00052531
2016-06-30,0.00052531
2016-07-01,0.00052531
2016-07-04,0.00052531
2016-07-05,0.00052531
2016-07-06,0.00052531
2016-07-07,0.00052531
2016-07-08,0.00052531
2016-07-11,0.00052531
2016-07-12,0.00052531
2016-07-13,0.00052531
2016-07-14,0.00052531
2016-07-15,0.00052531
2016-07-18,0.00052531
2016-07-19,0.00052531
2016-07-20,0.00052531
2016-07-21,0.00052531
2016-07-22,0.00052531
2016-07-25,0.00052531
2016-07-26,0.00052531
2016-07-27,0.00052531
2016-07-28,0.00052531
2016-07-29,0.00052531
2016-08-01,0.00052531
2016-08-02,0.00052531
2016-08-03,0.00052531
2016-08-04,0.00052531
2016-08-05,0.00052531
2016-08-08,0.00052531
2016-08-09,0.00052531
2016-08-10,0.00052531
2016-08-11,0.00052531
2016-08-12,0.00052531
2016-08-15,0.00052531
2016-08-16,0.00052531
2016-08-17,0.00052531
2016-08-18,0.00052531
2016-08-19,0.00052531
2016-08-22,0.00052531
2016-08-23,0.00052531
2016-08-24,0.00052531
2016-08-25,0.00052531
2016-08-26,0.00052531
2016-08-29,0.00052531
2016-08-30,0.00052531
2016-08-31,0.00052531
2016-09-01,0.00052531
2016-09-02,0.00052531
2016-09-05,0.00052531
2016-09-06,0.00052531
2016-09-08,0.00052531
2016-09-09,0.00052531
2016-09-12,0.00052531
2016-09-13,0.00052531
2016-09-14,0.00052531
2016-09-15,0.00052531
2016-09-16,0.00052531
2016-09-19,0.00052531
2016-09-20,0.00052531
2016-09-21,0.00052531
2016-09-22,0.00052531
2016-09-23,0.00052531
2016-09-26,0.00052531
2016-09-27,0.00052531
2016-09-28,0.00052531
2016-09-29,0.00052531
2016-09-30,0.00052531
2016-10-03,0.00052531
2016-10-04,0.00052531
2016-10-05,0.00052531
2016-10-06,0.00052531
2016-10-07,0.00052531
2016-10-10,0.00052531
2016-10-11,0.00052531
2016-10-13,0.00052531
2016-10-14,0.00052531
2016-10-17,0.00052531
2016-10-18,0.00052531
2016-10-19,0.00052531
2016-10-20,0.0005166
2016-10-21,0.0005166
2016-10-24,0.0005166
2016-10-25,0.0005166
2016-10-26,0.0005166
2016-10-27,0.0005166
2016-10-28,0.0005166
2016-10-31,0.0005166
2016-11-01,0.0005166
2016-11-03,0.0005166
2016-11-04,0.0005166
2016-11-07,0.0005166
2016-11-08,0.0005166
2016-11-09,0.0005166
2016-11-10,0.0005166
2016-11-11,0.0005166
2016-11-14,0.0005166
2016-11-16,0.0005166
2016-11-17,0.0005166
2016-11-18,0.0005166
2016-11-21,0.0005166
2016-11-22,0.0005166
2016-11-23,0.0005166
2016-11-24,0.0005166
2016-11-25,0.0005166
2016-11-28,0.0005166
2016-11-29,0.0005166
2016-11-30,0.0005166
2016-12-01,0.00050788
2016-12-02,0.00050788
2016-12-05,0.00050788
2016-12-06,0.00050788
2016-12-07,0.00050788
2016-12-08,0.00050788
2016-12-09,0.00050788
2016-12-12,0.00050788
2016-12-13,0.00050788
2016-12-14,0.00050788
2016-12-15,0.00050788
2016-12-16,0.00050788
2016-12-19,0.00050788
2016-12-20,0.00050788
2016-12-21,0.00050788
2016-12-22,0.00050788
2016-12-23,0.00050788
2016-12-26,0.00050788
2016-12-27,0.00050788
2016-12-28,0.00050788
2016-12-29,0.00050788
2016-12-30,0.00050788
2017-01-02,0.00050788
2017-01-03,0.00050788
2017-01-04,0.00050788
2017-01-05,0.00050788
2017-01-06,0.00050788
2017-01-09,0.00050788
2017-01-10,0.00050788
2017-01-11,0.00050788
2017-01-12,0.00048159
2017-01-13,0.00048159
2017-01-16,0.00048159
2017-01-17,0.00048159
2017-01-18,0.00048159
2017-01-19,0.00048159
2017-01-20,0.00048159
2017-01-23,0.00048159
2017-01-24,0.00048159
2017-01-25,0.00048159
2017-01-26,0.00048159
2017-01-27,0.00048159
2017-01-30,0.00048159
2017-01-31,0.00048159
2017-02-01,0.00048159
2017-02-02,0.00048159
2017-02-03,0.00048159
2017-02-06,0.00048159
2017-02-07,0.00048159
2017-02-08,0.00048159
2017-02-09,0.00048159
2017-02-10,0.00048159
2017-02-13,0.00048159
2017-02-14,0.00048159
2017-02-15,0.00048159
2017-02-16,0.00048159
2017-02-17,0.00048159
2017-02-20,0.00048159
2017-02-21,0.00048159
2017-02-22,0.00048159
2017-02-23,0.00045513
2017-02-24,0.00045513
2017-03-01,0.00045513
2017-03-02,0.00045513
2017-03-03,0.00045513
2017-03-06,0.00045513
2017-03-07,0.00045513
2017-03-08,0.00045513
2017-03-09,0.00045513
2017-03-10,0.00045513
2017-03-13,0.00045513
2017-03-14,0.00045513
2017-03-15,0.00045513
2017-03-16,0.00045513
2017-03-17,0.00045513
2017-03-20,0.00045513
2017-03-21,0.00045513
2017-03-22,0.00045513
2017-03-23,0.00045513
2017-03-24,0.00045513
2017-03-27,0.00045513
2017-03-28,0.00045513
2017-03-29,0.00045513
2017-03-30,0.00045513
2017-03-31,0.00045513
2017-04-03,0.00045513
2017-04-04,0.00045513
2017-04-05,0.00045513
2017-04-06,0.00045513
2017-04-07,0.00045513
2017-04-10,0.00045513
2017-04-11,0.00045513
2017-04-12,0.00045513
2017-04-13,0.00041957
2017-04-17,0.00041957
2017-04-18,0.00041957
2017-04-19,0.00041957
2017-04-20,0.00041957
2017-04-24,0.00041957
2017-04-25,0.00041957
2017-04-26,0.00041957
2017-04-27,0.00041957
2017-04-28,0.00041957
2017-05-02,0.00041957
2017-05-03,0.00041957
2017-05-04,0.00041957
2017-05-05,0.00041957
2017-05-08,0.00041957
2017-05-09,0.00041957
2017-05-10,0.00041957
2017-05-11,0.00041957
2017-05-12,0.00041957
2017-05-15,0.00041957
2017-05-16,0.00041957
2017-05-17,0.00041957
2017-05-18,0.00041957
2017-05-19,0.00041957
2017-05-22,0.00041957
2017-05-23,0.00041957
2017-05-24,0.00041957
2017-05-25,0.00041957
2017-05-26,0.00041957
2017-05-29,0.00041957
2017-05-30,0.00041957
2017-05-31,0.00041957
2017-06-01,0.0003837
2017-06-02,0.0003837
2017-06-05,0.0003837
2017-06-06,0.0003837
2017-06-07,0.0003837
2017-06-08,0.0003837
2017-06-09,0.0003837
2017-06-12,0.0003837
2017-06-13,0.0003837
2017-06-14,0.0003837
2017-06-16,0.0003837
2017-06-19,0.0003837
2017-06-20,0.0003837
2017-06-21,0.0003837
2017-06-22,0.0003837
2017-06-23,0.0003837
2017-06-26,0.0003837
2017-06-27,0.0003837
2017-06-28,0.0003837
2017-06-29,0.0003837
2017-06-30,0.0003837
2017-07-03,0.0003837
2017-07-04,0.0003837
2017-07-05,0.0003837
2017-07-06,0.0003837
2017-07-07,0.0003837
2017-07-10,0.0003837
2017-07-11,0.0003837
2017-07-12,0.0003837
2017-07-13,0.0003837
2017-07-14,0.0003837
2017-07-17,0.0003837
2017-07-18,0.0003837
2017-07-19,0.0003837
2017-07-20,0.0003837
2017-07-21,0.0003837
2017-07-24,0.0003837
2017-07-25,0.0003837
2017-07-26,0.0003837
2017-07-27,0.00034749
2017-07-28,0.00034749
2017-07-31,0.00034749
2017-08-01,0.00034749
2017-08-02,0.00034749
2017-08-03,0.00034749
2017-08-04,0.00034749
2017-08-07,0.00034749
2017-08-08,0.00034749
2017-08-09,0.00034749
2017-08-10,0.00034749
2017-08-11,0.00034749
2017-08-14,0.00034749
2017-08-15,0.00034749
2017-08-16,0.00034749
2017-08-17,0.00034749
2017-08-18,0.00034749
2017-08-21,0.00034749
2017-08-22,0.00034749
2017-08-23,0.00034749
2017-08-24,0.00034749
2017-08-25,0.00034749
2017-08-28,0.00034749
2017-08-29,0.00034749
2017-08-30,0.00034749
2017-08-31,0.00034749
2017-09-01,0.00034749
2017-09-04,0.00034749
2017-09-05,0.00034749
2017-09-06,0.00034749
2017-09-08,0.00031096
2017-09-11,0.00031096
2017-09-12,0.00031096
2017-09-13,0.00031096
2017-09-14,0.00031096
2017-09-15,0.00031096
2017-09-18,0.00031096
2017-09-19,0.00031096
2017-09-20,0.00031096
2017-09-21,0.00031096
2017-09-22,0.00031096
2017-09-25,0.00031096
2017-09-26,0.00031096
2017-09-27,0.00031096
2017-09-28,0.00031096
2017-09-29,0.00031096
2017-10-02,0.00031096
2017-10-03,0.00031096
2017-10-04,0.00031096
2017-10-05,0.00031096
2017-10-06,0.00031096
2017-10-09,0.00031096
2017-10-10,0.00031096
2017-10-11,0.00031096
2017-10-13,0.00031096
2017-10-16,0.00031096
2017-10-17,0.00031096
2017-10-18,0.00031096
2017-10-19,0.00031096
2017-10-20,0.00031096
2017-10-23,0.00031096
2017-10-24,0.00031096
2017-10-25,0.00031096
2017-10-26,0.00028333
2017-10-27,0.00028333
2017-10-30,0.00028333
2017-10-31,0.00028333
2017-11-01,0.00028333
2017-11-03,0.00028333
2017-11-06,0.00028333
2017-11-07,0.00028333
2017-11-08,0.00028333
2017-11-09,0.00028333
2017-11-10,0.00028333
2017-11-13,0.00028333
2017-11-14,0.00028333
2017-11-16,0.00028333
2017-11-17,0.00028333
2017-11-20,0.00028333
2017-11-21,0.00028333
2017-11-22,0.00028333
2017-11-23,0.00028333
2017-11-24,0.00028333
2017-11-27,0.00028333
2017-11-28,0.00028333
2017-11-29,0.00028333
2017-11-30,0.00028333
2017-12-01,0.00028333
2017-12-04,0.00028333
2017-12-05,0.00028333
2017-12-06,0.00028333
2017-12-07,0.00026481000000000003
2017-12-08,0.00026481000000000003
2017-12-11,0.00026481000000000003
2017-12-12,0.00026481000000000003
2017-12-13,0.00026481000000000003
2017-12-14,0.00026481000000000003
2017-12-15,0.00026481000000000003
2017-12-18,0.00026481000000000003
2017-12-19,0.00026481000000000003
2017-12-20,0.00026481000000000003
2017-12-21,0.00026481000000000003
2017-12-22,0.00026481000000000003
2017-12-26,0.00026481000000000003
2017-12-27,0.00026481000000000003
2017-12-28,0.00026481000000000003
2017-12-29,0.00026481000000000003
2018-01-02,0.00026481000000000003
2018-01-03,0.00026481000000000003
2018-01-04,0.00026481000000000003
2018-01-05,0.00026481000000000003
2018-01-08,0.00026481000000000003
2018-01-09,0.00026481000000000003
2018-01-10,0.00026481000000000003
2018-01-11,0.00026481000000000003
2018-01-12,0.00026481000000000003
2018-01-15,0.00026481000000000003
2018-01-16,0.00026481000000000003
2018-01-17,0.00026481000000000003
2018-01-18,0.00026481000000000003
2018-01-19,0.00026481000000000003
2018-01-22,0.00026481000000000003
2018-01-23,0.00026481000000000003
2018-01-24,0.00026481000000000003
2018-01-25,0.00026481000000000003
2018-01-26,0.00026481000000000003
2018-01-29,0.00026481000000000003
2018-01-30,0.00026481000000000003
2018-01-31,0.00026481000000000003
2018-02-01,0.00026481000000000003
2018-02-02,0.00026481000000000003
2018-02-05,0.00026481000000000003
2018-02-06,0.00026481000000000003
2018-02-07,0.00026481000000000003
2018-02-08,0.00025551999999999997
2018-02-09,0.00025551999999999997
2018-02-14,0.00025551999999999997
2018-02-15,0.00025551999999999997
2018-02-16,0.00025551999999999997
2018-02-19,0.00025551999999999997
2018-02-20,0.00025551999999999997
2018-02-21,0.00025551999999999997
2018-02-22,0.00025551999999999997
2018-02-23,0.00025551999999999997
2018-02-26,0.00025551999999999997
2018-02-27,0.00025551999999999997
2018-02-28,0.00025551999999999997
2018-03-01,0.00025551999999999997
2018-03-02,0.00025551999999999997
2018-03-05,0.00025551999999999997
2018-03-06,0.00025551999999999997
2018-03-07,0.00025551999999999997
2018-03-08,0.00025551999999999997
2018-03-09,0.00025551999999999997
2018-03-12,0.00025551999999999997
2018-03-13,0.00025551999999999997
2018-03-14,0.00025551999999999997
2018-03-15,0.00025551999999999997
2018-03-16,0.00025551999999999997
2018-03-19,0.00025551999999999997
2018-03-20,0.00025551999999999997
2018-03-21,0.00025551999999999997
2018-03-22,0.0002462
2018-03-23,0.0002462
2018-03-26,0.0002462
2018-03-27,0.0002462
2018-03-28,0.0002462
2018-03-29,0.0002462
2018-04-02,0.0002462
2018-04-03,0.0002462
2018-04-04,0.0002462
2018-04-05,0.0002462
2018-04-06,0.0002462
2018-04-09,0.0002462
2018-04-10,0.0002462
2018-04-11,0.0002462
2018-04-12,0.0002462
2018-04-13,0.0002462
2018-04-16,0.0002462
2018-04-17,0.0002462
2018-04-18,0.0002462
2018-04-19,0.0002462
2018-04-20,0.0002462
2018-04-23,0.0002462
2018-04-24,0.0002462
2018-04-25,0.0002462
2018-04-26,0.0002462
2018-04-27,0.0002462
2018-04-30,0.0002462
2018-05-02,0.0002462
2018-05-03,0.0002462
2018-05-04,0.0002462
2018-05-07,0.0002462
2018-05-08,0.0002462
2018-05-09,0.0002462
2018-05-10,0.0002462
2018-05-11,0.0002462
2018-05-14,0.0002462
2018-05-15,0.0002462
2018-05-16,0.0002462
2018-05-17,0.0002462
2018-05-18,0.0002462
2018-05-21,0.0002462
2018-05-22,0.0002462
2018-05-23,0.0002462
2018-05-24,0.0002462
2018-05-25,0.0002462
2018-05-28,0.0002462
2018-05-29,0.0002462
2018-05-30,0.0002462
2018-06-01,0.0002462
2018-06-04,0.0002462
2018-06-05,0.0002462
2018-06-06,0.0002462
2018-06-07,0.0002462
2018-06-08,0.0002462
2018-06-11,0.0002462
2018-06-12,0.0002462
2018-06-13,0.0002462
2018-06-14,0.0002462
2018-06-15,0.0002462
2018-06-18,0.0002462
2018-06-19,0.0002462
2018-06-20,0.0002462
2018-06-21,0.0002462
2018-06-22,0.0002462
2018-06-25,0.0002462
2018-06-26,0.0002462
2018-06-27,0.0002462
2018-06-28,0.0002462
2018-06-29,0.0002462
2018-07-02,0.0002462
2018-07-03,0.0002462
2018-07-04,0.0002462
2018-07-05,0.0002462
2018-07-06,0.0002462
2018-07-09,0.0002462
2018-07-10,0.0002462
2018-07-11,0.0002462
2018-07-12,0.0002462
2018-07-13,0.0002462
2018-07-16,0.0002462
2018-07-17,0.0002462
2018-07-18,0.0002462
2018-07-19,0.0002462
2018-07-20,0.0002462
2018-07-23,0.0002462
2018-07-24,0.0002462
2018-07-25,0.0002462
2018-07-26,0.0002462
2018-07-27,0.0002462
2018-07-30,0.0002462
2018-07-31,0.0002462
2018-08-01,0.0002462
2018-08-02,0.0002462
2018-08-03,0.0002462
2018-08-06,0.0002462
2018-08-07,0.0002462
2018-08-08,0.0002462
2018-08-09,0.0002462
2018-08-10,0.0002462
2018-08-13,0.0002462
2018-08-14,0.0002462
2018-08-15,0.0002462
2018-08-16,0.0002462
2018-08-17,0.0002462
2018-08-20,0.0002462
2018-08-21,0.0002462
2018-08-22,0.0002462
2018-08-23,0.0002462
2018-08-24,0.0002462
2018-08-27,0.0002462
2018-08-28,0.0002462
2018-08-29,0.0002462
2018-08-30,0.0002462
2018-08-31,0.0002462
2018-09-03,0.0002462
2018-09-04,0.0002462
2018-09-05,0.0002462
2018-09-06,0.0002462
2018-09-10,0.0002462
2018-09-11,0.0002462
2018-09-12,0.0002462
2018-09-13,0.0002462
2018-09-14,0.0002462
2018-09-17,0.0002462
2018-09-18,0.0002462
2018-09-19,0.0002462
2018-09-20,0.0002462
2018-09-21,0.0002462
2018-09-24,0.0002462
2018-09-25,0.0002462
2018-09-26,0.0002462
2018-09-27,0.0002462
2018-09-28,0.0002462
2018-10-01,0.0002462
2018-10-02,0.0002462
2018-10-03,0.0002462
2018-10-04,0.0002462
2018-10-05,0.0002462
2018-10-08,0.0002462
2018-10-09,0.0002462
2018-10-10,0.0002462
2018-10-11,0.0002462
2018-10-15,0.0002462
2018-10-16,0.0002462
2018-10-17,0.0002462
2018-10-18,0.0002462
2018-10-19,0.0002462
2018-10-22,0.0002462
2018-10-23,0.0002462
2018-10-24,0.0002462
2018-10-25,0.0002462
2018-10-26,0.0002462
2018-10-29,0.0002462
2018-10-30,0.0002462
2018-10-31,0.0002462
2018-11-01,0.0002462
2018-11-05,0.0002462
2018-11-06,0.0002462
2018-11-07,0.0002462
2018-11-08,0.0002462
2018-11-09,0.0002462
2018-11-12,0.0002462
2018-11-13,0.0002462
2018-11-14,0.0002462
2018-11-16,0.0002462
2018-11-19,0.0002462
2018-11-20,0.0002462
2018-11-21,0.0002462
2018-11-22,0.0002462
2018-11-23,0.0002462
2018-11-26,0.0002462
2018-11-27,0.0002462
2018-11-28,0.0002462
2018-11-29,0.0002462
2018-11-30,0.0002462
2018-12-03,0.0002462
2018-12-04,0.0002462
2018-12-05,0.0002462
2018-12-06,0.0002462
2018-12-07,0.0002462
2018-12-10,0.0002462
2018-12-11,0.0002462
2018-12-12,0.0002462
2018-12-13,0.0002462
2018-12-14,0.0002462
2018-12-17,0.0002462
2018-12-18,0.0002462
2018-12-19,0.0002462
2018-12-20,0.0002462
2018-12-21,0.0002462
2018-12-24,0.0002462
2018-12-26,0.0002462
2018-12-27,0.0002462
2018-12-28,0.0002462
2018-12-31,0.0002462
2019-01-02,0.0002462
2019-01-03,0.0002462
2019-01-04,0.0002462
2019-01-07,0.0002462
2019-01-08,0.0002462
2019-01-09,0.0002462
2019-01-10,0.0002462
2019-01-11,0.0002462
2019-01-14,0.0002462
2019-01-15,0.0002462
2019-01-16,0.0002462
2019-01-17,0.0002462
2019-01-18,0.0002462
2019-01-21,0.0002462
2019-01-22,0.0002462
2019-01-23,0.0002462
2019-01-24,0.0002462
2019-01-25,0.0002462
2019-01-28,0.0002462
2019-01-29,0.0002462
2019-01-30,0.0002462
2019-01-31,0.0002462
2019-02-01,0.0002462
2019-02-04,0.0002462
2019-02-05,0.0002462
2019-02-06,0.0002462
2019-02-07,0.0002462
2019-02-08,0.0002462
2019-02-11,0.0002462
2019-02-12,0.0002462
2019-02-13,0.0002462
2019-02-14,0.0002462
2019-02-15,0.0002462
2019-02-18,0.0002462
2019-02-19,0.0002462
2019-02-20,0.0002462
2019-02-21,0.0002462
2019-02-22,0.0002462
2019-02-25,0.0002462
2019-02-26,0.0002462
2019-02-27,0.0002462
2019-02-28,0.0002462
2019-03-01,0.0002462
2019-03-06,0.0002462
2019-03-07,0.0002462
2019-03-08,0.0002462
2019-03-11,0.0002462
2019-03-12,0.0002462
2019-03-13,0.0002462
2019-03-14,0.0002462
2019-03-15,0.0002462
2019-03-18,0.0002462
2019-03-19,0.0002462
2019-03-20,0.0002462
2019-03-21,0.0002462
2019-03-22,0.0002462
2019-03-25,0.0002462
2019-03-26,0.0002462
2019-03-27,0.0002462
2019-03-28,0.0002462
2019-03-29,0.0002462
2019-04-01,0.0002462
2019-04-02,0.0002462
2019-04-03,0.0002462
2019-04-04,0.0002462
2019-04-05,0.0002462
2019-04-08,0.0002462
2019-04-09,0.0002462
2019-04-10,0.0002462
2019-04-11,0.0002462
2019-04-12,0.0002462
2019-04-15,0.0002462
2019-04-16,0.0002462
2019-04-17,0.0002462
2019-04-18,0.0002462
2019-04-22,0.0002462
2019-04-23,0.0002462
2019-04-24,0.0002462
2019-04-25,0.0002462
2019-04-26,0.0002462
2019-04-29,0.0002462
2019-04-30,0.0002462
2019-05-02,0.0002462
2019-05-03,0.0002462
2019-05-06,0.0002462
2019-05-07,0.0002462
2019-05-08,0.0002462
2019-05-09,0.0002462
2019-05-10,0.0002462
2019-05-13,0.0002462
2019-05-14,0.0002462
2019-05-15,0.0002462
2019-05-16,0.0002462
2019-05-17,0.0002462
2019-05-20,0.0002462
2019-05-21,0.0002462
2019-05-22,0.0002462
2019-05-23,0.0002462
2019-05-24,0.0002462
2019-05-27,0.0002462
2019-05-28,0.0002462
2019-05-29,0.0002462
2019-05-30,0.0002462
2019-05-31,0.0002462
2019-06-03,0.0002462
2019-06-04,0.0002462
2019-06-05,0.0002462
2019-06-06,0.0002462
2019-06-07,0.0002462
2019-06-10,0.0002462
2019-06-11,0.0002462
2019-06-12,0.0002462
2019-06-13,0.0002462
2019-06-14,0.0002462
2019-06-17,0.0002462
2019-06-18,0.0002462
2019-06-19,0.0002462
2019-06-21,0.0002462
2019-06-24,0.0002462
2019-06-25,0.0002462
2019-06-26,0.0002462
2019-06-27,0.0002462
2019-06-28,0.0002462
2019-07-01,0.0002462
2019-07-02,0.0002462
2019-07-03,0.0002462
2019-07-04,0.0002462
2019-07-05,0.0002462
2019-07-08,0.0002462
2019-07-09,0.0002462
2019-07-10,0.0002462
2019-07-11,0.0002462
2019-07-12,0.0002462
2019-07-15,0.0002462
2019-07-16,0.0002462
2019-07-17,0.0002462
2019-07-18,0.0002462
2019-07-19,0.0002462
2019-07-22,0.0002462
2019-07-23,0.0002462
2019-07-24,0.0002462
2019-07-25,0.0002462
2019-07-26,0.0002462
2019-07-29,0.0002462
2019-07-30,0.0002462
2019-07-31,0.0002462
2019-08-01,0.00022751
2019-08-02,0.00022751
2019-08-05,0.00022751
2019-08-06,0.00022751
2019-08-07,0.00022751
2019-08-08,0.00022751
2019-08-09,0.00022751
2019-08-12,0.00022751
2019-08-13,0.00022751
2019-08-14,0.00022751
2019-08-15,0.00022751
2019-08-16,0.00022751
2019-08-19,0.00022751
2019-08-20,0.00022751
2019-08-21,0.00022751
2019-08-22,0.00022751
2019-08-23,0.00022751
2019-08-26,0.00022751
2019-08-27,0.00022751
2019-08-28,0.00022751
2019-08-29,0.00022751
2019-08-30,0.00022751
2019-09-02,0.00022751
2019-09-03,0.00022751
2019-09-04,0.00022751
2019-09-05,0.00022751
2019-09-06,0.00022751
2019-09-09,0.00022751
2019-09-10,0.00022751
2019-09-11,0.00022751
2019-09-12,0.00022751
2019-09-13,0.00022751
2019-09-16,0.00022751
2019-09-17,0.00022751
2019-09-18,0.00022751
2019-09-19,0.00020872000000000002
2019-09-20,0.00020872000000000002
2019-09-23,0.00020872000000000002
2019-09-24,0.00020872000000000002
2019-09-25,0.00020872000000000002
2019-09-26,0.00020872000000000002
2019-09-27,0.00020872000000000002
2019-09-30,0.00020872000000000002
2019-10-01,0.00020872000000000002
2019-10-02,0.00020872000000000002
2019-10-03,0.00020872000000000002
2019-10-04,0.00020872000000000002
2019-10-07,0.00020872000000000002
2019-10-08,0.00020872000000000002
2019-10-09,0.00020872000000000002
2019-10-10,0.00020872000000000002
2019-10-11,0.00020872000000000002
2019-10-14,0.00020872000000000002
2019-10-15,0.00020872000000000002
2019-10-16,0.00020872000000000002
2019-10-17,0.00020872000000000002
2019-10-18,0.00020872000000000002
2019-10-21,0.00020872000000000002
2019-10-22,0.00020872000000000002
2019-10-23,0.00020872000000000002
2019-10-24,0.00020872000000000002
2019-10-25,0.00020872000000000002
2019-10-28,0.00020872000000000002
2019-10-29,0.00020872000000000002
2019-10-30,0.00020872000000000002
2019-10-31,0.00018984999999999998
2019-11-01,0.00018984999999999998
2019-11-04,0.00018984999999999998
2019-11-05,0.00018984999999999998
2019-11-06,0.00018984999999999998
2019-11-07,0.00018984999999999998
2019-11-08,0.00018984999999999998
2019-11-11,0.00018984999999999998
2019-11-12,0.00018984999999999998
2019-11-13,0.00018984999999999998
2019-11-14,0.00018984999999999998
2019-11-18,0.00018984999999999998
2019-11-19,0.00018984999999999998
2019-11-20,0.00018984999999999998
2019-11-21,0.00018984999999999998
2019-11-22,0.00018984999999999998
2019-11-25,0.00018984999999999998
2019-11-26,0.00018984999999999998
2019-11-27,0.00018984999999999998
2019-11-28,0.00018984999999999998
2019-11-29,0.00018984999999999998
2019-12-02,0.00018984999999999998
2019-12-03,0.00018984999999999998
2019-12-04,0.00018984999999999998
2019-12-05,0.00018984999999999998
2019-12-06,0.00018984999999999998
2019-12-09,0.00018984999999999998
2019-12-10,0.00018984999999999998
2019-12-11,0.00018984999999999998
2019-12-12,0.00017089
2019-12-13,0.00017089
2019-12-16,0.00017089
2019-12-17,0.00017089
2019-12-18,0.00017089
2019-12-19,0.00017089
2019-12-20,0.00017089
2019-12-23,0.00017089
2019-12-24,0.00017089
2019-12-26,0.00017089
2019-12-27,0.00017089
2019-12-30,0.00017089
2019-12-31,0.00017089
2020-01-02,0.00017089
2020-01-03,0.00017089
2020-01-06,0.00017089
2020-01-07,0.00017089
2020-01-08,0.00017089
2020-01-09,0.00017089
2020-01-10,0.00017089
2020-01-13,0.00017089
2020-01-14,0.00017089
2020-01-15,0.00017089
2020-01-16,0.00017089
2020-01-17,0.00017089
2020-01-20,0.00017089
2020-01-21,0.00017089
2020-01-22,0.00017089
2020-01-23,0.00017089
2020-01-24,0.00017089
2020-01-27,0.00017089
2020-01-28,0.00017089
2020-01-29,0.00017089
2020-01-30,0.00017089
2020-01-31,0.00017089
2020-02-03,0.00017089
2020-02-04,0.00017089
2020-02-05,0.00017089
2020-02-06,0.00016136999999999998
2020-02-07,0.00016136999999999998
2020-02-10,0.00016136999999999998
2020-02-11,0.00016136999999999998
2020-02-12,0.00016136999999999998
2020-02-13,0.00016136999999999998
2020-02-14,0.00016136999999999998
2020-02-17,0.00016136999999999998
2020-02-18,0.00016136999999999998
2020-02-19,0.00016136999999999998
2020-02-20,0.00016136999999999998
2020-02-21,0.00016136999999999998
2020-02-26,0.00016136999999999998
2020-02-27,0.00016136999999999998
2020-02-28,0.00016136999999999998
2020-03-02,0.00016136999999999998
2020-03-03,0.00016136999999999998
2020-03-04,0.00016136999999999998
2020-03-05,0.00016136999999999998
2020-03-06,0.00016136999999999998
2020-03-09,0.00016136999999999998
2020-03-10,0.00016136999999999998
2020-03-11,0.00016136999999999998
2020-03-12,0.00016136999999999998
2020-03-13,0.00016136999999999998
2020-03-16,0.00016136999999999998
2020-03-17,0.00016136999999999998
2020-03-18,0.00016136999999999998
2020-03-19,0.00014227
2020-03-20,0.00014227
2020-03-23,0.00014227
2020-03-24,0.00014227
2020-03-25,0.00014227
2020-03-26,0.00014227
2020-03-27,0.00014227
2020-03-30,0.00014227
2020-03-31,0.00014227
2020-04-01,0.00014227
2020-04-02,0.00014227
2020-04-03,0.00014227
2020-04-06,0.00014227
2020-04-07,0.00014227
2020-04-08,0.00014227
2020-04-09,0.00014227
2020-04-13,0.00014227
2020-04-14,0.00014227
2020-04-15,0.00014227
2020-04-16,0.00014227
2020-04-17,0.00014227
2020-04-20,0.00014227
2020-04-22,0.00014227
2020-04-23,0.00014227
2020-04-24,0.00014227
2020-04-27,0.00014227
2020-04-28,0.00014227
2020-04-29,0.00014227
2020-04-30,0.00014227
2020-05-04,0.00014227
2020-05-05,0.00014227
2020-05-06,0.00014227
2020-05-07,0.00011344999999999999
2020-05-08,0.00011344999999999999
2020-05-11,0.00011344999999999999
2020-05-12,0.00011344999999999999
2020-05-13,0.00011344999999999999
2020-05-14,0.00011344999999999999
2020-05-15,0.00011344999999999999
2020-05-18,0.00011344999999999999
2020-05-19,0.00011344999999999999
2020-05-20,0.00011344999999999999
2020-05-21,0.00011344999999999999
2020-05-22,0.00011344999999999999
2020-05-25,0.00011344999999999999
2020-05-26,0.00011344999999999999
2020-05-27,0.00011344999999999999
2020-05-28,0.00011344999999999999
2020-05-29,0.00011344999999999999
2020-06-01,0.00011344999999999999
2020-06-02,0.00011344999999999999
2020-06-03,0.00011344999999999999
2020-06-04,0.00011344999999999999
2020-06-05,0.00011344999999999999
2020-06-08,0.00011344999999999999
2020-06-09,0.00011344999999999999
2020-06-10,0.00011344999999999999
2020-06-12,0.00011344999999999999
2020-06-15,0.00011344999999999999
2020-06-16,0.00011344999999999999
2020-06-17,0.00011344999999999999
2020-06-18,8.442e-05
2020-06-19,8.442e-05
2020-06-22,8.442e-05
2020-06-23,8.442e-05
2020-06-24,8.442e-05
2020-06-25,8.442e-05
2020-06-26,8.442e-05
2020-06-29,8.442e-05
2020-06-30,8.442e-05
2020-07-01,8.442e-05
2020-07-02,8.442e-05
2020-07-03,8.442e-05
2020-07-06,8.442e-05
2020-07-07,8.442e-05
2020-07-08,8.442e-05
2020-07-09,8.442e-05
2020-07-10,8.442e-05
2020-07-13,8.442e-05
2020-07-14,8.442e-05
2020-07-15,8.442e-05
2020-07-16,8.442e-05
2020-07-17,8.442e-05
2020-07-20,8.442e-05
2020-07-21,8.442e-05
2020-07-22,8.442e-05
2020-07-23,8.442e-05
2020-07-24,8.442e-05
2020-07-27,8.442e-05
2020-07-28,8.442e-05
2020-07-29,8.442e-05
2020-07-30,8.442e-05
2020-07-31,8.442e-05
2020-08-03,8.442e-05
2020-08-04,8.442e-05
2020-08-05,8.442e-05
2020-08-06,7.469e-05
2020-08-07,7.469e-05
2020-08-10,7.469e-05
2020-08-11,7.469e-05
2020-08-12,7.469e-05
2020-08-13,7.469e-05
2020-08-14,7.469e-05
2020-08-17,7.469e-05
2020-08-18,7.469e-05
2020-08-19,7.469e-05
2020-08-20,7.469e-05
2020-08-21,7.469e-05
2020-08-24,7.469e-05
2020-08-25,7.469e-05
2020-08-26,7.469e-05
2020-08-27,7.469e-05
2020-08-28,7.469e-05
2020-08-31,7.469e-05
2020-09-01,7.469e-05
2020-09-02,7.469e-05
2020-09-03,7.469e-05
2020-09-04,7.469e-05
2020-09-08,7.469e-05
2020-09-09,7.469e-05
2020-09-10,7.469e-05
2020-09-11,7.469e-05
2020-09-14,7.469e-05
2020-09-15,7.469e-05
2020-09-16,7.469e-05
2020-09-17,7.469e-05
2020-09-18,7.469e-05
2020-09-21,7.469e-05
2020-09-22,7.469e-05
2020-09-23,7.469e-05
2020-09-24,7.469e-05
2020-09-25,7.469e-05
2020-09-28,7.469e-05
2020-09-29,7.469e-05
2020-09-30,7.469e-05
2020-10-01,7.469e-05
2020-10-02,7.469e-05
2020-10-05,7.469e-05
2020-10-06,7.469e-05
2020-10-07,7.469e-05
2020-10-08,7.469e-05
2020-10-09,7.469e-05
2020-10-13,7.469e-05
2020-10-14,7.469e-05
2020-10-15,7.469e-05
2020-10-16,7.469e-05
2020-10-19,7.469e-05
2020-10-20,7.469e-05
2020-10-21,7.469e-05
2020-10-22,7.469e-05
2020-10-23,7.469e-05
2020-10-26,7.469e-05
2020-10-27,7.469e-05
2020-10-28,7.469e-05
2020-10-29,7.469e-05
2020-10-30,7.469e-05
2020-11-03,7.469e-05
2020-11-04,7.469e-05
2020-11-05,7.469e-05
2020-11-06,7.469e-05
2020-11-09,7.469e-05
2020-11-10,7.469e-05
2020-11-11,7.469e-05
2020-11-12,7.469e-05
2020-11-13,7.469e-05
2020-11-16,7.469e-05
2020-11-17,7.469e-05
2020-11-18,7.469e-05
2020-11-19,7.469e-05
2020-11-20,7.469e-05
2020-11-23,7.469e-05
2020-11-24,7.469e-05
2020-11-25,7.469e-05
2020-11-26,7.469e-05
2020-11-27,7.469e-05
2020-11-30,7.469e-05
2020-12-01,7.469e-05
2020-12-02,7.469e-05
2020-12-03,7.469e-05
2020-12-04,7.469e-05
2020-12-07,7.469e-05
2020-12-08,7.469e-05
2020-12-09,7.469e-05
2020-12-10,7.469e-05
2020-12-11,7.469e-05
2020-12-14,7.469e-05
2020-12-15,7.469e-05
2020-12-16,7.469e-05
2020-12-17,7.469e-05
2020-12-18,7.469e-05
2020-12-21,7.469e-05
2020-12-22,7.469e-05
2020-12-23,7.469e-05
2020-12-24,7.469e-05
2020-12-28,7.469e-05
2020-12-29,7.469e-05
2020-12-30,7.469e-05
2020-12-31,7.469e-05
2021-01-04,7.469e-05
2021-01-05,7.469e-05
2021-01-06,7.469e-05
2021-01-07,7.469e-05
2021-01-08,7.469e-05
2021-01-11,7.469e-05
2021-01-12,7.469e-05
2021-01-13,7.469e-05
2021-01-14,7.469e-05
2021-01-15,7.469e-05
2021-01-18,7.469e-05
2021-01-19,7.469e-05
2021-01-20,7.469e-05
2021-01-21,7.469e-05
2021-01-22,7.469e-05
2021-01-25,7.469e-05
2021-01-26,7.469e-05
2021-01-27,7.469e-05
2021-01-28,7.469e-05
2021-01-29,7.469e-05
2021-02-01,7.469e-05
2021-02-02,7.469e-05
2021-02-03,7.469e-05
2021-02-04,7.469e-05
2021-02-05,7.469e-05
2021-02-08,7.469e-05
2021-02-09,7.469e-05
2021-02-10,7.469e-05
2021-02-11,7.469e-05
2021-02-12,7.469e-05
2021-02-17,7.469e-05
2021-02-18,7.469e-05
2021-02-19,7.469e-05
2021-02-22,7.469e-05
2021-02-23,7.469e-05
2021-02-24,7.469e-05
2021-02-25,7.469e-05
2021-02-26,7.469e-05
2021-03-01,7.469e-05
2021-03-02,7.469e-05
2021-03-03,7.469e-05
2021-03-04,7.469e-05
2021-03-05,7.469e-05
2021-03-08,7.469e-05
2021-03-09,7.469e-05
2021-03-10,7.469e-05
2021-03-11,7.469e-05
2021-03-12,7.469e-05
2021-03-15,7.469e-05
2021-03-16,7.469e-05
2021-03-17,7.469e-05
2021-03-18,0.00010379
2021-03-19,0.00010379
2021-03-22,0.00010379
2021-03-23,0.00010379
2021-03-24,0.00010379
2021-03-25,0.00010379
2021-03-26,0.00010379
2021-03-29,0.00010379
2021-03-30,0.00010379
2021-03-31,0.00010379
2021-04-01,0.00010379
2021-04-05,0.00010379
2021-04-06,0.00010379
2021-04-07,0.00010379
2021-04-08,0.00010379
2021-04-09,0.00010379
2021-04-12,0.00010379
2021-04-13,0.00010379
2021-04-14,0.00010379
2021-04-15,0.00010379
2021-04-16,0.00010379
2021-04-19,0.00010379
2021-04-20,0.00010379
2021-04-22,0.00010379
2021-04-23,0.00010379
2021-04-26,0.00010379
2021-04-27,0.00010379
2021-04-28,0.00010379
2021-04-29,0.00010379
2021-04-30,0.00010379
2021-05-03,0.00010379
2021-05-04,0.00010379
2021-05-05,0.00010379
2021-05-06,0.00013269
2021-05-07,0.00013269
2021-05-10,0.00013269
2021-05-11,0.00013269
2021-05-12,0.00013269
2021-05-13,0.00013269
2021-05-14,0.00013269
2021-05-17,0.00013269
2021-05-18,0.00013269
2021-05-19,0.00013269
2021-05-20,0.00013269
2021-05-21,0.00013269
2021-05-24,0.00013269
2021-05-25,0.00013269
2021-05-26,0.00013269
2021-05-27,0.00013269
2021-05-28,0.00013269
2021-05-31,0.00013269
2021-06-01,0.00013269
2021-06-02,0.00013269
2021-06-04,0.00013269
2021-06-07,0.00013269
2021-06-08,0.00013269
2021-06-09,0.00013269
2021-06-10,0.00013269
2021-06-11,0.00013269
2021-06-14,0.00013269
2021-06-15,0.00013269
2021-06-16,0.00013269
2021-06-17,0.00016136999999999998
2021-06-18,0.00016136999999999998
2021-06-21,0.00016136999999999998
2021-06-22,0.00016136999999999998
2021-06-23,0.00016136999999999998
2021-06-24,0.00016136999999999998
2021-06-25,0.00016136999999999998
2021-06-28,0.00016136999999999998
2021-06-29,0.00016136999999999998
2021-06-30,0.00016136999999999998
2021-07-01,0.00016136999999999998
2021-07-02,0.00016136999999999998
2021-07-05,0.00016136999999999998
2021-07-06,0.00016136999999999998
2021-07-07,0.00016136999999999998
2021-07-08,0.00016136999999999998
2021-07-09,0.00016136999999999998
2021-07-12,0.00016136999999999998
2021-07-13,0.00016136999999999998
2021-07-14,0.00016136999999999998
2021-07-15,0.00016136999999999998
2021-07-16,0.00016136999999999998
2021-07-19,0.00016136999999999998
2021-07-20,0.00016136999999999998
2021-07-21,0.00016136999999999998
2021-07-22,0.00016136999999999998
2021-07-23,0.00016136999999999998
2021-07-26,0.00016136999999999998
2021-07-27,0.00016136999999999998
2021-07-28,0.00016136999999999998
2021-07-29,0.00016136999999999998
2021-07-30,0.00016136999999999998
2021-08-02,0.00016136999999999998
2021-08-03,0.00016136999999999998
2021-08-04,0.00016136999999999998
2021-08-05,0.0001993
2021-08-06,0.0001993
2021-08-09,0.0001993
2021-08-10,0.0001993
2021-08-11,0.0001993
2021-08-12,0.0001993
2021-08-13,0.0001993
2021-08-16,0.0001993
2021-08-17,0.0001993
2021-08-18,0.0001993
2021-08-19,0.0001993
2021-08-20,0.0001993
2021-08-23,0.0001993
2021-08-24,0.0001993
2021-08-25,0.0001993
2021-08-26,0.0001993
2021-08-27,0.0001993
2021-08-30,0.0001993
2021-08-31,0.0001993
2021-09-01,0.0001993
2021-09-02,0.0001993
2021-09-03,0.0001993
2021-09-06,0.0001993
2021-09-08,0.0001993
2021-09-09,0.0001993
2021-09-10,0.0001993
2021-09-13,0.0001993
2021-09-14,0.0001993
2021-09-15,0.0001993
2021-09-16,0.0001993
2021-09-17,0.0001993
2021-09-20,0.0001993
2021-09-21,0.0001993
2021-09-22,0.0001993
2021-09-23,0.00023687
2021-09-24,0.00023687
2021-09-27,0.00023687
2021-09-28,0.00023687
2021-09-29,0.00023687
2021-09-30,0.00023687
2021-10-01,0.00023687
2021-10-04,0.00023687
2021-10-05,0.00023687
2021-10-06,0.00023687
2021-10-07,0.00023687
2021-10-08,0.00023687
2021-10-11,0.00023687
2021-10-13,0.00023687
2021-10-14,0.00023687
2021-10-15,0.00023687
2021-10-18,0.00023687
2021-10-19,0.00023687
2021-10-20,0.00023687
2021-10-21,0.00023687
2021-10-22,0.00023687
2021-10-25,0.00023687
2021-10-26,0.00023687
2021-10-27,0.00023687
2021-10-28,0.00029256000000000003
2021-10-29,0.00029256000000000003
2021-11-01,0.00029256000000000003
2021-11-03,0.00029256000000000003
2021-11-04,0.00029256000000000003
2021-11-05,0.00029256000000000003
2021-11-08,0.00029256000000000003
2021-11-09,0.00029256000000000003
2021-11-10,0.00029256000000000003
2021-11-11,0.00029256000000000003
2021-11-12,0.00029256000000000003
2021-11-16,0.00029256000000000003
2021-11-17,0.00029256000000000003
2021-11-18,0.00029256000000000003
2021-11-19,0.00029256000000000003
2021-11-22,0.00029256000000000003
2021-11-23,0.00029256000000000003
2021-11-24,0.00029256000000000003
2021-11-25,0.00029256000000000003
2021-11-26,0.00029256000000000003
2021-11-29,0.00029256000000000003
2021-11-30,0.00029256000000000003
2021-12-01,0.00029256000000000003
2021-12-02,0.00029256000000000003
2021-12-03,0.00029256000000000003
2021-12-06,0.00029256000000000003
2021-12-07,0.00029256000000000003
2021-12-08,0.00029256000000000003
2021-12-09,0.00034749
2021-12-10,0.00034749
2021-12-13,0.00034749
2021-12-14,0.00034749
2021-12-15,0.00034749
2021-12-16,0.00034749
2021-12-17,0.00034749
2021-12-20,0.00034749
2021-12-21,0.00034749
2021-12-22,0.00034749
2021-12-23,0.00034749
2021-12-24,0.00034749
2021-12-27,0.00034749
2021-12-28,0.00034749
2021-12-29,0.00034749
2021-12-30,0.00034749
2021-12-31,0.00034749
2022-01-03,0.00034749
2022-01-04,0.00034749
2022-01-05,0.00034749
2022-01-06,0.00034749
2022-01-07,0.00034749
2022-01-10,0.00034749
2022-01-11,0.00034749
2022-01-12,0.00034749
2022-01-13,0.00034749
2022-01-14,0.00034749
2022-01-17,0.00034749
2022-01-18,0.00034749
2022-01-19,0.00034749
2022-01-20,0.00034749
2022-01-21,0.00034749
2022-01-24,0.00034749
2022-01-25,0.00034749
2022-01-26,0.00034749
2022-01-27,0.00034749
2022-01-28,0.00034749
2022-01-31,0.00034749
2022-02-01,0.00034749
2022-02-02,0.00034749
2022-02-03,0.00040168
2022-02-04,0.00040168
2022-02-07,0.00040168
2022-02-08,0.00040168
2022-02-09,0.00040168
2022-02-10,0.00040168
2022-02-11,0.00040168
2022-02-14,0.00040168
2022-02-15,0.00040168
2022-02-16,0.00040168
2022-02-17,0.00040168
2022-02-18,0.00040168
2022-02-21,0.00040168
2022-02-22,0.00040168
2022-02-23,0.00040168
2022-02-24,0.00040168
2022-02-25,0.00040168
2022-03-02,0.00040168
2022-03-03,0.00040168
2022-03-04,0.00040168
2022-03-07,0.00040168
2022-03-08,0.00040168
2022-03-09,0.00040168
2022-03-10,0.00040168
2022-03-11,0.00040168
2022-03-14,0.00040168
2022-03-15,0.00040168
2022-03-16,0.00040168
2022-03-17,0.00043739
2022-03-18,0.00043739
2022-03-21,0.00043739
2022-03-22,0.00043739
2022-03-23,0.00043739
2022-03-24,0.00043739
2022-03-25,0.00043739
2022-03-28,0.00043739
2022-03-29,0.00043739
2022-03-30,0.00043739
2022-03-31,0.00043739
2022-04-01,0.00043739
2022-04-04,0.00043739
2022-04-05,0.00043739
2022-04-06,0.00043739
2022-04-07,0.00043739
2022-04-08,0.00043739
2022-04-11,0.00043739
2022-04-12,0.00043739
2022-04-13,0.00043739
2022-04-14,0.00043739
2022-04-18,0.00043739
2022-04-19,0.00043739
2022-04-20,0.00043739
2022-04-22,0.00043739
2022-04-25,0.00043739
2022-04-26,0.00043739
2022-04-27,0.00043739
2022-04-28,0.00043739
2022-04-29,0.00043739
2022-05-02,0.00043739
2022-05-03,0.00043739
2022-05-04,0.00043739
2022-05-05,0.00047279
2022-05-06,0.00047279
2022-05-09,0.00047279
2022-05-10,0.00047279
2022-05-11,0.00047279
2022-05-12,0.00047279
2022-05-13,0.00047279
2022-05-16,0.00047279
2022-05-17,0.00047279
2022-05-18,0.00047279
2022-05-19,0.00047279
2022-05-20,0.00047279
2022-05-23,0.00047279
2022-05-24,0.00047279
2022-05-25,0.00047279
2022-05-26,0.00047279
2022-05-27,0.00047279
2022-05-30,0.00047279
2022-05-31,0.00047279
2022-06-01,0.00047279
2022-06-02,0.00047279
2022-06-03,0.00047279
2022-06-06,0.00047279
2022-06-07,0.00047279
2022-06-08,0.00047279
2022-06-09,0.00047279
2022-06-10,0.00047279
2022-06-13,0.00047279
2022-06-14,0.00047279
2022-06-15,0.00047279
2022-06-17,0.00049037
2022-06-20,0.00049037
2022-06-21,0.00049037
2022-06-22,0.00049037
2022-06-23,0.00049037
2022-06-24,0.00049037
2022-06-27,0.00049037
2022-06-28,0.00049037
2022-06-29,0.00049037
2022-06-30,0.00049037
2022-07-01,0.00049037
2022-07-04,0.00049037
2022-07-05,0.00049037
2022-07-06,0.00049037
2022-07-07,0.00049037
2022-07-08,0.00049037
2022-07-11,0.00049037
2022-07-12,0.00049037
2022-07-13,0.00049037
2022-07-14,0.00049037
2022-07-15,0.00049037
2022-07-18,0.00049037
2022-07-19,0.00049037
2022-07-20,0.00049037
2022-07-21,0.00049037
2022-07-22,0.00049037
2022-07-25,0.00049037
2022-07-26,0.00049037
2022-07-27,0.00049037
2022-07-28,0.00049037
2022-07-29,0.00049037
2022-08-01,0.00049037
2022-08-02,0.00049037
2022-08-03,0.00049037
2022-08-04,0.00050788
2022-08-05,0.00050788
2022-08-08,0.00050788
2022-08-09,0.00050788
2022-08-10,0.00050788
2022-08-11,0.00050788
2022-08-12,0.00050788
2022-08-15,0.00050788
2022-08-16,0.00050788
2022-08-17,0.00050788
2022-08-18,0.00050788
2022-08-19,0.00050788
2022-08-22,0.00050788
2022-08-23,0.00050788
2022-08-24,0.00050788
2022-08-25,0.00050788
2022-08-26,0.00050788
2022-08-29,0.00050788
2022-08-30,0.00050788
2022-08-31,0.00050788
2022-09-01,0.00050788
2022-09-02,0.00050788
2022-09-05,0.00050788
2022-09-06,0.00050788
2022-09-08,0.00050788
2022-09-09,0.00050788
2022-09-12,0.00050788
2022-09-13,0.00050788
2022-09-14,0.00050788
2022-09-15,0.00050788
2022-09-16,0.00050788
2022-09-19,0.00050788
2022-09-20,0.00050788
2022-09-21,0.00050788
2022-09-22,0.00050788
2022-09-23,0.00050788
2022-09-26,0.00050788
2022-09-27,0.00050788
2022-09-28,0.00050788
2022-09-29,0.00050788
2022-09-30,0.00050788
2022-10-03,0.00050788
2022-10-04,0.00050788
2022-10-05,0.00050788
2022-10-06,0.00050788
2022-10-07,0.00050788
2022-10-10,0.00050788
2022-10-11,0.00050788
2022-10-13,0.00050788
2022-10-14,0.00050788
2022-10-17,0.00050788
2022-10-18,0.00050788
2022-10-19,0.00050788
2022-10-20,0.00050788
2022-10-21,0.00050788
2022-10-24,0.00050788
2022-10-25,0.00050788
2022-10-26,0.00050788
2022-10-27,0.00050788
2022-10-28,0.00050788
2022-10-31,0.00050788
2022-11-01,0.00050788
2022-11-03,0.00050788
2022-11-04,0.00050788
2022-11-07,0.00050788
2022-11-08,0.00050788
2022-11-09,0.00050788
2022-11-10,0.00050788
2022-11-11,0.00050788
2022-11-14,0.00050788
2022-11-16,0.00050788
2022-11-17,0.00050788
2022-11-18,0.00050788
2022-11-21,0.00050788
2022-11-22,0.00050788
2022-11-23,0.00050788
2022-11-24,0.00050788
2022-11-25,0.00050788
2022-11-28,0.00050788
2022-11-29,0.00050788
2022-11-30,0.00050788
2022-12-01,0.00050788
2022-12-02,0.00050788
2022-12-05,0.00050788
2022-12-06,0.00050788
2022-12-07,0.00050788
2022-12-08,0.00050788
2022-12-09,0.00050788
2022-12-12,0.00050788
2022-12-13,0.00050788
2022-12-14,0.00050788
2022-12-15,0.00050788
2022-12-16,0.00050788
2022-12-19,0.00050788
2022-12-20,0.00050788
2022-12-21,0.00050788
2022-12-22,0.00050788
2022-12-23,0.00050788
2022-12-26,0.00050788
2022-12-27,0.00050788
2022-12-28,0.00050788
2022-12-29,0.00050788
2022-12-30,0.00050788
2023-01-02,0.00050788
2023-01-03,0.00050788
2023-01-04,0.00050788
2023-01-05,0.00050788
2023-01-06,0.00050788
2023-01-09,0.00050788
2023-01-10,0.00050788
2023-01-11,0.00050788
2023-01-12,0.00050788
2023-01-13,0.00050788
2023-01-16,0.00050788
2023-01-17,0.00050788
2023-01-18,0.00050788
2023-01-19,0.00050788
2023-01-20,0.00050788
2023-01-23,0.00050788
2023-01-24,0.00050788
2023-01-25,0.00050788
2023-01-26,0.00050788
2023-01-27,0.00050788
2023-01-30,0.00050788
2023-01-31,0.00050788
2023-02-01,0.00050788
2023-02-02,0.00050788
2023-02-03,0.00050788
2023-02-06,0.00050788
2023-02-07,0.00050788
2023-02-08,0.00050788
2023-02-09,0.00050788
2023-02-10,0.00050788
2023-02-13,0.00050788
2023-02-14,0.00050788
2023-02-15,0.00050788
2023-02-16,0.00050788
2023-02-17,0.00050788
2023-02-22,0.00050788
2023-02-23,0.00050788
2023-02-24,0.00050788
2023-02-27,0.00050788
2023-02-28,0.00050788
2023-03-01,0.00050788
2023-03-02,0.00050788
2023-03-03,0.00050788
2023-03-06,0.00050788
2023-03-07,0.00050788
2023-03-08,0.00050788
2023-03-09,0.00050788
2023-03-10,0.00050788
2023-03-13,0.00050788
2023-03-14,0.00050788
2023-03-15,0.00050788
2023-03-16,0.00050788
2023-03-17,0.00050788
2023-03-20,0.00050788
2023-03-21,0.00050788
2023-03-22,0.00050788
2023-03-23,0.00050788
2023-03-24,0.00050788
2023-03-27,0.00050788
2023-03-28,0.00050788
2023-03-29,0.00050788
2023-03-30,0.00050788
2023-03-31,0.00050788
2023-04-03,0.00050788
2023-04-04,0.00050788
2023-04-05,0.00050788
2023-04-06,0.00050788
2023-04-10,0.00050788
2023-04-11,0.00050788
2023-04-12,0.00050788
2023-04-13,0.00050788
2023-04-14,0.00050788
2023-04-17,0.00050788
2023-04-18,0.00050788
2023-04-19,0.00050788
2023-04-20,0.00050788
2023-04-24,0.00050788
2023-04-25,0.00050788
2023-04-26,0.00050788
2023-04-27,0.00050788
2023-04-28,0.00050788
2023-05-02,0.00050788
2023-05-03,0.00050788
2023-05-04,0.00050788
2023-05-05,0.00050788
2023-05-08,0.00050788
2023-05-09,0.00050788
2023-05-10,0.00050788
2023-05-11,0.00050788
2023-05-12,0.00050788
2023-05-15,0.00050788
2023-05-16,0.00050788
2023-05-17,0.00050788
2023-05-18,0.00050788
2023-05-19,0.00050788
2023-05-22,0.00050788
2023-05-23,0.00050788
2023-05-24,0.00050788
2023-05-25,0.00050788
2023-05-26,0.00050788
2023-05-29,0.00050788
2023-05-30,0.00050788
2023-05-31,0.00050788
2023-06-01,0.00050788
2023-06-02,0.00050788
2023-06-05,0.00050788
2023-06-06,0.00050788
2023-06-07,0.00050788
2023-06-09,0.00050788
2023-06-12,0.00050788
2023-06-13,0.00050788
2023-06-14,0.00050788
2023-06-15,0.00050788
2023-06-16,0.00050788
2023-06-19,0.00050788
2023-06-20,0.00050788
2023-06-21,0.00050788
2023-06-22,0.00050788
2023-06-23,0.00050788
2023-06-26,0.00050788
2023-06-27,0.00050788
2023-06-28,0.00050788
2023-06-29,0.00050788
2023-06-30,0.00050788
2023-07-03,0.00050788
2023-07-04,0.00050788
2023-07-05,0.00050788
2023-07-06,0.00050788
2023-07-07,0.00050788
2023-07-10,0.00050788
2023-07-11,0.00050788
2023-07-12,0.00050788
2023-07-13,0.00050788
2023-07-14,0.00050788
2023-07-17,0.00050788
2023-07-18,0.00050788
2023-07-19,0.00050788
2023-07-20,0.00050788
2023-07-21,0.00050788
2023-07-24,0.00050788
2023-07-25,0.00050788
2023-07-26,0.00050788
2023-07-27,0.00050788
2023-07-28,0.00050788
2023-07-31,0.00050788
2023-08-01,0.00050788
2023-08-02,0.00050788
2023-08-03,0.00049037
2023-08-04,0.00049037
2023-08-07,0.00049037
2023-08-08,0.00049037
2023-08-09,0.00049037
2023-08-10,0.00049037
2023-08-11,0.00049037
2023-08-14,0.00049037
2023-08-15,0.00049037
2023-08-16,0.00049037
2023-08-17,0.00049037
2023-08-18,0.00049037
2023-08-21,0.00049037
2023-08-22,0.00049037
2023-08-23,0.00049037
2023-08-24,0.00049037
2023-08-25,0.00049037
2023-08-28,0.00049037
2023-08-29,0.00049037
2023-08-30,0.00049037
2023-08-31,0.00049037
2023-09-01,0.00049037
2023-09-04,0.00049037
2023-09-05,0.00049037
2023-09-06,0.00049037
2023-09-08,0.00049037
2023-09-11,0.00049037
2023-09-12,0.00049037
2023-09-13,0.00049037
2023-09-14,0.00049037
2023-09-15,0.00049037
2023-09-18,0.00049037
2023-09-19,0.00049037
2023-09-20,0.00049037
2023-09-21,0.00047279
2023-09-22,0.00047279
2023-09-25,0.00047279
2023-09-26,0.00047279
2023-09-27,0.00047279
2023-09-28,0.00047279
2023-09-29,0.00047279
2023-10-02,0.00047279
2023-10-03,0.00047279
2023-10-04,0.00047279
2023-10-05,0.00047279
2023-10-06,0.00047279
2023-10-09,0.00047279
2023-10-10,0.00047279
2023-10-11,0.00047279
2023-10-13,0.00047279
2023-10-16,0.00047279
2023-10-17,0.00047279
2023-10-18,0.00047279
2023-10-19,0.00047279
2023-10-20,0.00047279
2023-10-23,0.00047279
2023-10-24,0.00047279
2023-10-25,0.00047279
2023-10-26,0.00047279
2023-10-27,0.00047279
2023-10-30,0.00047279
2023-10-31,0.00047279
2023-11-01,0.00047279
2023-11-03,0.00045513
2023-11-06,0.00045513
2023-11-07,0.00045513
2023-11-08,0.00045513
2023-11-09,0.00045513
2023-11-10,0.00045513
2023-11-13,0.00045513
2023-11-14,0.00045513
2023-11-16,0.00045513
2023-11-17,0.00045513
2023-11-20,0.00045513
2023-11-21,0.00045513
2023-11-22,0.00045513
2023-11-23,0.00045513
2023-11-24,0.00045513
2023-11-27,0.00045513
2023-11-28,0.00045513
2023-11-29,0.00045513
2023-11-30,0.00045513
2023-12-01,0.00045513
2023-12-04,0.00045513
2023-12-05,0.00045513
2023-12-06,0.00045513
2023-12-07,0.00045513
2023-12-08,0.00045513
2023-12-11,0.00045513
2023-12-12,0.00045513
2023-12-13,0.00045513
2023-12-14,0.00043739
2023-12-15,0.00043739
2023-12-18,0.00043739
2023-12-19,0.00043739
2023-12-20,0.00043739
2023-12-21,0.00043739
2023-12-22,0.00043739
2023-12-26,0.00043739
2023-12-27,0.00043739
2023-12-28,0.00043739
2023-12-29,0.00043739
2024-01-02,0.00043739
2024-01-03,0.00043739
2024-01-04,0.00043739
2024-01-05,0.00043739
2024-01-08,0.00043739
2024-01-09,0.00043739
2024-01-10,0.00043739
2024-01-11,0.00043739
2024-01-12,0.00043739
2024-01-15,0.00043739
2024-01-16,0.00043739
2024-01-17,0.00043739
2024-01-18,0.00043739
2024-01-19,0.00043739
2024-01-22,0.00043739
2024-01-23,0.00043739
2024-01-24,0.00043739
2024-01-25,0.00043739
2024-01-26,0.00043739
2024-01-29,0.00043739
2024-01-30,0.00043739
2024-01-31,0.00043739
2024-02-01,0.00041957
2024-02-02,0.00041957
2024-02-05,0.00041957
2024-02-06,0.00041957
2024-02-07,0.00041957
2024-02-08,0.00041957
2024-02-09,0.00041957
2024-02-14,0.00041957
2024-02-15,0.00041957
2024-02-16,0.00041957
2024-02-19,0.00041957
2024-02-20,0.00041957
2024-02-21,0.00041957
2024-02-22,0.00041957
2024-02-23,0.00041957
2024-02-26,0.00041957
2024-02-27,0.00041957
2024-02-28,0.00041957
2024-02-29,0.00041957
2024-03-01,0.00041957
2024-03-04,0.00041957
2024-03-05,0.00041957
2024-03-06,0.00041957
2024-03-07,0.00041957
2024-03-08,0.00041957
2024-03-11,0.00041957
2024-03-12,0.00041957
2024-03-13,0.00041957
2024-03-14,0.00041957
2024-03-15,0.00041957
2024-03-18,0.00041957
2024-03-19,0.00041957
2024-03-20,0.00041957
2024-03-21,0.00040168
2024-03-22,0.00040168
2024-03-25,0.00040168
2024-03-26,0.00040168
2024-03-27,0.00040168
2024-03-28,0.00040168
2024-04-01,0.00040168
2024-04-02,0.00040168
2024-04-03,0.00040168
2024-04-04,0.00040168
2024-04-05,0.00040168
2024-04-08,0.00040168
2024-04-09,0.00040168
2024-04-10,0.00040168
2024-04-11,0.00040168
2024-04-12,0.00040168
2024-04-15,0.00040168
2024-04-16,0.00040168
2024-04-17,0.00040168
2024-04-18,0.00040168
2024-04-19,0.00040168
2024-04-22,0.00040168
2024-04-23,0.00040168
2024-04-24,0.00040168
2024-04-25,0.00040168
2024-04-26,0.00040168
2024-04-29,0.00040168
2024-04-30,0.00040168
2024-05-02,0.00040168
2024-05-03,0.00040168
2024-05-06,0.00040168
2024-05-07,0.00040168
2024-05-08,0.00040168
2024-05-09,0.0003927
2024-05-10,0.0003927
2024-05-13,0.0003927
2024-05-14,0.0003927
2024-05-15,0.0003927
2024-05-16,0.0003927
2024-05-17,0.0003927
2024-05-20,0.0003927
2024-05-21,0.0003927
2024-05-22,0.0003927
2024-05-23,0.0003927
2024-05-24,0.0003927
2024-05-27,0.0003927
2024-05-28,0.0003927
2024-05-29,0.0003927
2024-05-31,0.0003927
2024-06-03,0.0003927
2024-06-04,0.0003927
2024-06-05,0.0003927
2024-06-06,0.0003927
2024-06-07,0.0003927
2024-06-10,0.0003927
2024-06-11,0.0003927
2024-06-12,0.0003927
2024-06-13,0.0003927
2024-06-14,0.0003927
2024-06-17,0.0003927
2024-06-18,0.0003927
2024-06-19,0.0003927
2024-06-20,0.0003927
2024-06-21,0.0003927
2024-06-24,0.0003927
2024-06-25,0.0003927
2024-06-26,0.0003927
2024-06-27,0.0003927
2024-06-28,0.0003927
2024-07-01,0.0003927
2024-07-02,0.0003927
2024-07-03,0.0003927
2024-07-04,0.0003927
2024-07-05,0.0003927
2024-07-08,0.0003927
2024-07-09,0.0003927
2024-07-10,0.0003927
2024-07-11,0.0003927
2024-07-12,0.0003927
2024-07-15,0.0003927
2024-07-16,0.0003927
2024-07-17,0.0003927
2024-07-18,0.0003927
2024-07-19,0.0003927
2024-07-22,0.0003927
2024-07-23,0.0003927
2024-07-24,0.0003927
2024-07-25,0.0003927
2024-07-26,0.0003927
2024-07-29,0.0003927
2024-07-30,0.0003927
2024-07-31,0.0003927
2024-08-01,0.0003927
2024-08-02,0.0003927
2024-08-05,0.0003927
2024-08-06,0.0003927
2024-08-07,0.0003927
2024-08-08,0.0003927
2024-08-09,0.0003927
2024-08-12,0.0003927
2024-08-13,0.0003927
2024-08-14,0.0003927
2024-08-15,0.0003927
2024-08-16,0.0003927
2024-08-19,0.0003927
2024-08-20,0.0003927
2024-08-21,0.0003927
2024-08-22,0.0003927
2024-08-23,0.0003927
2024-08-26,0.0003927
2024-08-27,0.0003927
2024-08-28,0.0003927
2024-08-29,0.0003927
2024-08-30,0.0003927
2024-09-02,0.0003927
2024-09-03,0.0003927
2024-09-04,0.0003927
2024-09-05,0.0003927
2024-09-06,0.0003927
2024-09-09,0.0003927
2024-09-10,0.0003927
2024-09-11,0.0003927
2024-09-12,0.0003927
2024-09-13,0.0003927
2024-09-16,0.0003927
2024-09-17,0.0003927
2024-09-18,0.0003927
2024-09-19,0.00040168
2024-09-20,0.00040168
2024-09-23,0.00040168
2024-09-24,0.00040168
2024-09-25,0.00040168
2024-09-26,0.00040168
2024-09-27,0.00040168
2024-09-30,0.00040168
2024-10-01,0.00040168
2024-10-02,0.00040168
2024-10-03,0.00040168
2024-10-04,0.00040168
2024-10-07,0.00040168
2024-10-08,0.00040168
2024-10-09,0.00040168
2024-10-10,0.00040168
2024-10-11,0.00040168
2024-10-14,0.00040168
2024-10-15,0.00040168
2024-10-16,0.00040168
2024-10-17,0.00040168
2024-10-18,0.00040168
2024-10-21,0.00040168
2024-10-22,0.00040168
2024-10-23,0.00040168
2024-10-24,0.00040168
2024-10-25,0.00040168
2024-10-28,0.00040168
2024-10-29,0.00040168
2024-10-30,0.00040168
2024-10-31,0.00040168
2024-11-01,0.00040168
2024-11-04,0.00040168
2024-11-05,0.00040168
2024-11-06,0.00040168
2024-11-07,0.00041957
2024-11-08,0.00041957
2024-11-11,0.00041957
2024-11-12,0.00041957
2024-11-13,0.00041957
2024-11-14,0.00041957
2024-11-18,0.00041957
2024-11-19,0.00041957
2024-11-21,0.00041957
2024-11-22,0.00041957
2024-11-25,0.00041957
2024-11-26,0.00041957
2024-11-27,0.00041957
2024-11-28,0.00041957
2024-11-29,0.00041957
2024-12-02,0.00041957
2024-12-03,0.00041957
2024-12-04,0.00041957
2024-12-05,0.00041957
2024-12-06,0.00041957
2024-12-09,0.00041957
2024-12-10,0.00041957
2024-12-11,0.00041957
2024-12-12,0.00045513
2024-12-13,0.00045513
2024-12-16,0.00045513
2024-12-17,0.00045513
2024-12-18,0.00045513
2024-12-19,0.00045513
2024-12-20,0.00045513
2024-12-23,0.00045513
2024-12-24,0.00045513
2024-12-26,0.00045513
2024-12-27,0.00045513
2024-12-30,0.00045513
2024-12-31,0.00045513
2025-01-02,0.00045513
2025-01-03,0.00045513
2025-01-06,0.00045513
2025-01-07,0.00045513
2025-01-08,0.00045513
2025-01-09,0.00045513
2025-01-10,0.00045513
2025-01-13,0.00045513
2025-01-14,0.00045513
2025-01-15,0.00045513
2025-01-16,0.00045513
2025-01-17,0.00045513
2025-01-20,0.00045513
2025-01-21,0.00045513
2025-01-22,0.00045513
2025-01-23,0.00045513
2025-01-24,0.00045513
2025-01-27,0.00045513
2025-01-28,0.00045513
2025-01-29,0.00045513
2025-01-30,0.00049037
2025-01-31,0.00049037
2025-02-03,0.00049037
2025-02-04,0.00049037
2025-02-05,0.00049037
2025-02-06,0.00049037
2025-02-07,0.00049037
2025-02-10,0.00049037
2025-02-11,0.00049037
2025-02-12,0.00049037
2025-02-13,0.00049037
2025-02-14,0.00049037
2025-02-17,0.00049037
2025-02-18,0.00049037
2025-02-19,0.00049037
2025-02-20,0.00049037
2025-02-21,0.00049037
2025-02-24,0.00049037
2025-02-25,0.00049037
2025-02-26,0.00049037
2025-02-27,0.00049037
2025-02-28,0.00049037
2025-03-05,0.00049037
2025-03-06,0.00049037
2025-03-07,0.00049037
2025-03-10,0.00049037
2025-03-11,0.00049037
2025-03-12,0.00049037
2025-03-13,0.00049037
2025-03-14,0.00049037
2025-03-17,0.00049037
2025-03-18,0.00049037
2025-03-19,0.00049037
2025-03-20,0.00052531
2025-03-21,0.00052531
2025-03-24,0.00052531
2025-03-25,0.00052531
2025-03-26,0.00052531
2025-03-27,0.00052531
2025-03-28,0.00052531
2025-03-31,0.00052531
2025-04-01,0.00052531
2025-04-02,0.00052531
2025-04-03,0.00052531
2025-04-04,0.00052531
2025-04-07,0.00052531
2025-04-08,0.00052531
2025-04-09,0.00052531
2025-04-10,0.00052531
2025-04-11,0.00052531
2025-04-14,0.00052531
2025-04-15,0.00052531
2025-04-16,0.00052531
2025-04-17,0.00052531
2025-04-22,0.00052531
2025-04-23,0.00052531
2025-04-24,0.00052531
2025-04-25,0.00052531
2025-04-28,0.00052531
2025-04-29,0.00052531
2025-04-30,0.00052531
2025-05-02,0.00052531
2025-05-05,0.00052531
2025-05-06,0.00052531
2025-05-07,0.00052531
2025-05-08,0.00054266
2025-05-09,0.00054266
2025-05-12,0.00054266
2025-05-13,0.00054266
2025-05-14,0.00054266
2025-05-15,0.00054266
2025-05-16,0.00054266
2025-05-19,0.00054266
2025-05-20,0.00054266
2025-05-21,0.00054266
2025-05-22,0.00054266
2025-05-23,0.00054266
2025-05-26,0.00054266
2025-05-27,0.00054266
2025-05-28,0.00054266
2025-05-29,0.00054266
2025-05-30,0.00054266
2025-06-02,0.00054266
2025-06-03,0.00054266
2025-06-04,0.00054266
2025-06-05,0.00054266
2025-06-06,0.00054266
2025-06-09,0.00054266
2025-06-10,0.00054266
2025-06-11,0.00054266
2025-06-12,0.00054266
2025-06-13,0.00054266
2025-06-16,0.00054266
2025-06-17,0.00054266
2025-06-18,0.00054266
2025-06-20,0.00055131
2025-06-23,0.00055131
2025-06-24,0.00055131
2025-06-25,0.00055131
2025-06-26,0.00055131
2025-06-27,0.00055131
2025-06-30,0.00055131
2025-07-01,0.00055131
2025-07-02,0.00055131
2025-07-03,0.00055131
2025-07-04,0.00055131
2025-07-07,0.00055131
2025-07-08,0.00055131
2025-07-09,0.00055131
2025-07-10,0.00055131
2025-07-11,0.00055131
2025-07-14,0.00055131
2025-07-15,0.00055131
2025-07-16,0.00055131
2025-07-17,0.00055131
2025-07-18,0.00055131
2025-07-21,0.00055131
2025-07-22,0.00055131
2025-07-23,0.00055131
2025-07-24,0.00055131
2025-07-25,0.00055131
2025-07-28,0.00055131
2025-07-29,0.00055131
2025-07-30,0.00055131
2025-07-31,0.00055131
2025-08-01,0.00055131
2025-08-04,0.00055131
2025-08-05,0.00055131
2025-08-06,0.00055131
2025-08-07,0.00055131
2025-08-08,0.00055131
2025-08-11,0.00055131
2025-08-12,0.00055131
2025-08-13,0.00055131
2025-08-14,0.00055131
2025-08-15,0.00055131
2025-08-18,0.00055131
2025-08-19,0.00055131
2025-08-20,0.00055131
2025-08-21,0.00055131
2025-08-22,0.00055131
2025-08-25,0.00055131
2025-08-26,0.00055131
2025-08-27,0.00055131
2025-08-28,0.00055131
2025-08-29,0.00055131
2025-09-01,0.00055131
2025-09-02,0.00055131
2025-09-03,0.00055131
2025-09-04,0.00055131
2025-09-05,0.00055131
2025-09-08,0.00055131
2025-09-09,0.00055131
2025-09-10,0.00055131
2025-09-11,0.00055131
2025-09-12,0.00055131
2025-09-15,0.00055131
2025-09-16,0.00055131
2025-09-17,0.00055131
2025-09-18,0.00055131
2025-09-19,0.00055131
2025-09-22,0.00055131
2025-09-23,0.00055131
2025-09-24,0.00055131
2025-09-25,0.00055131
2025-09-26,0.00055131
2025-09-29,0.00055131
2025-09-30,0.00055131
2025-10-01,0.00055131
2025-10-02,0.00055131
2025-10-03,0.00055131
2025-10-06,0.00055131
2025-10-07,0.00055131
2025-10-08,0.00055131
2025-10-09,0.00055131
2025-10-10,0.00055131
2025-10-13,0.00055131
2025-10-14,0.00055131
2025-10-15,0.00055131
2025-10-16,0.00055131
2025-10-17,0.00055131
2025-10-20,0.00055131
2025-10-21,0.00055131
2025-10-22,0.00055131
2025-10-23,0.00055131
2025-10-24,0.00055131
2025-10-27,0.00055131
2025-10-28,0.00055131
2025-10-29,0.00055131
2025-10-30,0.00055131
2025-10-31,0.00055131
2025-11-03,0.00055131
2025-11-04,0.00055131
2025-11-05,0.00055131
2025-11-06,0.00055131
2025-11-07,0.00055131
2025-11-10,0.00055131
2025-11-11,0.00055131
2025-11-12,0.00055131
2025-11-13,0.00055131
2025-11-14,0.00055131
2025-11-17,0.00055131
2025-11-18,0.00055131
2025-11-19,0.00055131
2025-11-21,0.00055131
2025-11-24,0.00055131
2025-11-25,0.00055131
2025-11-26,0.00055131
2025-11-27,0.00055131
2025-11-28,0.00055131
2025-12-01,0.00055131
2025-12-02,0.00055131
2025-12-03,0.00055131
2025-12-04,0.00055131
2025-12-05,0.00055131
2025-12-08,0.00055131
2025-12-09,0.00055131
2025-12-10,0.00055131
2025-12-11,0.00055131
2025-12-12,0.00055131
2025-12-15,0.00055131
2025-12-16,0.00055131
2025-12-17,0.00055131
2025-12-18,0.00055131
2025-12-19,0.00055131
2025-12-22,0.00055131
2025-12-23,0.00055131
2025-12-24,0.00055131
2025-12-26,0.00055131
2025-12-29,0.00055131
2025-12-30,0.00055131
2025-12-31,0.00055131
2026-01-02,0.00055131
2026-01-05,0.00055131
2026-01-06,0.00055131
2026-01-07,0.00055131
2026-01-08,0.00055131
2026-01-09,0.00055131
2026-01-12,0.00055131
2026-01-13,0.00055131
2026-01-14,0.00055131
2026-01-15,0.00055131
2026-01-16,0.00055131
2026-01-19,0.00055131
2026-01-20,0.00055131
2026-01-21,0.00055131
2026-01-22,0.00055131
2026-01-23,0.00055131
2026-01-26,0.00055131
2026-01-27,0.00055131
2026-01-28,0.00055131
2026-01-29,0.00055131
2026-01-30,0.00055131
2026-02-02,0.00055131
